DOCID,CUSTODIAN,CATEGORY,SUBCATEGORY,STORYLINE,KEY_DOCUMENT,CONFIDENTIALITY,SUGGESTED_PRIVILEGE,EXACT_DUPLICATE,FILENAME,SUBJECT_OR_TITLE
CROWN00000001,King Henry VIII,routine,concern,(routine),No,,No,No,Re the works at Eltham Palace.eml,Re: the works at Eltham Palace
CROWN00000002,Queen Anne Boleyn,routine,report,(routine),No,,No,No,The masque costumes quarterly.eml,The masque costumes (quarterly)
CROWN00000003,Thomas Cromwell,routine,report,(routine),No,,No,No,Re the Garter ceremony arrangements.eml,Re: the Garter ceremony arrangements
CROWN00000004,Thomas Cromwell,routine,approval,(routine),No,,No,No,Re the Garter ceremony arrangements.eml,Re: the Garter ceremony arrangements
CROWN00000005,Thomas Cromwell,routine,report,(routine),No,,No,No,The repair of the great clock quarterly.eml,The repair of the great clock (quarterly)
CROWN00000006,Thomas Cromwell,routine,report,(routine),No,,No,No,Invoice_rtn-00366.xlsx,Account — the repair of the great clock
CROWN00000007,King Henry VIII,noise,it_notice,(noise),No,,No,No,Mailbox Quota Warning Thy Coffer is 90 Full.eml,Mailbox Quota Warning: Thy Coffer is 90% Full
CROWN00000008,Thomas Cromwell,noise,calendar,(noise),No,,No,No,Invitation Garter Ceremony.eml,Invitation: Garter Ceremony
CROWN00000009,Thomas Cromwell,noise,calendar,(noise),No,,No,No,invite.ics,Invitation — Garter Ceremony
CROWN00000010,King Henry VIII,loose,docx,(loose),No,Internal - Privy Council,No,No,Council_Notes_15250211_henry014.docx,Privy Council Notes — 11 February 1525
CROWN00000011,Queen Anne Boleyn,noise,it_notice,(noise),No,,No,No,New Quill Procurement Policy  Effective Immediately.eml,New Quill Procurement Policy — Effective Immediately
CROWN00000012,Queen Anne Boleyn,noise,it_notice,(noise),No,,No,No,Quill_Procurement_Policy_Q-1536.docx,Quill Procurement Policy (Form Q-1536)
CROWN00000013,Queen Anne Boleyn,loose,png,(loose),No,,No,No,Portrait_anne_boleyn113.png,Portrait of a Court Musician
CROWN00000014,King Henry VIII,noise,spam_food,(noise),No,,No,No,Lenten Special  No Meat Much Cheese Still Glorious.eml,"Lenten Special — No Meat, Much Cheese, Still Glorious"
CROWN00000015,King Henry VIII,noise,newsletter,(noise),No,,No,No,Tudor Times Weekly  08 Mar 1525.eml,Tudor Times Weekly — 08 Mar 1525
CROWN00000016,Thomas Cromwell,noise,auto_reply,(noise),No,,No,No,Automatic reply The Harvest Levy.eml,Automatic reply: The Harvest Levy
CROWN00000017,Thomas Cromwell,noise,calendar,(noise),No,,No,No,Invitation Coronation Banquet.eml,Invitation: Coronation Banquet
CROWN00000018,Queen Anne Boleyn,routine,logistics,(routine),No,Confidential,No,No,Re the victualling of the fleet.eml,Re: the victualling of the fleet
CROWN00000019,Thomas Cromwell,routine,logistics,(routine),No,,No,No,Re the tiltyard schedule.eml,Re: the tiltyard schedule
CROWN00000020,Thomas Cromwell,noise,calendar,(noise),No,,No,No,Invitation Grand Joust at the Shrovetide Lists.eml,Invitation: Grand Joust at the Shrovetide Lists
CROWN00000021,Thomas Cromwell,noise,calendar,(noise),No,,No,No,invite.ics,Invitation — Grand Joust at the Shrovetide Lists
CROWN00000022,Thomas Cromwell,routine,report,(routine),No,,No,No,The muster of able men in yorkshire quarterly.eml,The muster of able men in yorkshire (quarterly)
CROWN00000023,Thomas Cromwell,noise,auto_reply,(noise),No,,No,No,Automatic reply The Progress Itinerary.eml,Automatic reply: The Progress Itinerary
CROWN00000024,Queen Anne Boleyn,noise,newsletter,(noise),No,,No,No,Tudor Times Weekly  01 Apr 1525.eml,Tudor Times Weekly — 01 Apr 1525
CROWN00000025,Queen Anne Boleyn,noise,newsletter,(noise),No,,No,No,Tudor_Times_Weekly.pdf,Tudor Times Weekly — Full Issue
CROWN00000026,Thomas Cromwell,routine,logistics,(routine),No,,No,No,The muster of able men in sussex  for approval.eml,The muster of able men in sussex — for approval
CROWN00000027,Thomas Cromwell,routine,logistics,(routine),No,,No,No,WorkOrder_rtn-00339.docx,Work Order — the muster of able men in Sussex
CROWN00000028,King Henry VIII,routine,approval,(routine),No,,No,No,Re The muster of able men in sussex  for approval.eml,Re: The muster of able men in sussex — for approval
CROWN00000029,Thomas Cromwell,routine,approval,(routine),No,,No,Yes,Re The muster of able men in sussex  for approval.eml,Re: The muster of able men in sussex — for approval
CROWN00000030,Thomas Cromwell,routine,request,(routine),No,,No,No,Re the repair of the great clock.eml,Re: the repair of the great clock
CROWN00000031,Thomas Cromwell,routine,approval,(routine),No,,No,No,Re the repair of the great clock.eml,Re: the repair of the great clock
CROWN00000032,King Henry VIII,noise,newsletter,(noise),No,,No,No,Jousting Monthly Lists Lances  League Tables.eml,"Jousting Monthly: Lists, Lances & League Tables"
CROWN00000033,Thomas Cromwell,noise,newsletter,(noise),No,,No,No,Jousting Monthly Lists Lances  League Tables.eml,"Jousting Monthly: Lists, Lances & League Tables"
CROWN00000034,Thomas Cromwell,routine,report,(routine),No,,No,No,Note the tiltyard schedule.eml,Note: the tiltyard schedule
CROWN00000035,King Henry VIII,routine,request,(routine),No,,No,No,The masque costumes.eml,The masque costumes
CROWN00000036,Queen Anne Boleyn,routine,request,(routine),No,,No,No,The christmas revels quarterly.eml,The christmas revels (quarterly)
CROWN00000037,Queen Anne Boleyn,noise,it_notice,(noise),No,,No,No,Reminder Mandatory Doublet  Hose Compliance Training.eml,Reminder: Mandatory Doublet & Hose Compliance Training
CROWN00000038,Queen Anne Boleyn,loose,png,(loose),No,,No,No,Portrait_anne_boleyn125.png,Portrait of an Unknown Nobleman
CROWN00000039,Thomas Cromwell,noise,it_notice,(noise),No,,No,No,Password Rotation Required Change Thy Cipher This Month.eml,Password Rotation Required: Change Thy Cipher This Month
CROWN00000040,Queen Anne Boleyn,routine,logistics,(routine),No,Confidential,No,No,Note the progress to Richmond Palace.eml,Note: the progress to Richmond Palace
CROWN00000041,Thomas Cromwell,noise,auto_reply,(noise),No,,No,No,Automatic reply The Ordnance Accounts.eml,Automatic reply: The Ordnance Accounts
CROWN00000042,Queen Anne Boleyn,noise,spam_scam,(noise),No,,No,No,CONGRATULATIONS  You Have Won the Royal Spanish Lottery 5000.eml,"CONGRATULATIONS — You Have Won the Royal Spanish Lottery (500,000 Ducats)"
CROWN00000043,King Henry VIII,noise,it_notice,(noise),No,,No,No,Mailbox Quota Warning Thy Coffer is 90 Full.eml,Mailbox Quota Warning: Thy Coffer is 90% Full
CROWN00000044,King Henry VIII,routine,report,(routine),No,,No,No,The repair of the great clock.eml,The repair of the great clock
CROWN00000045,King Henry VIII,routine,approval,(routine),No,,No,No,Re The repair of the great clock.eml,Re: The repair of the great clock
CROWN00000046,Queen Anne Boleyn,noise,phishing,(noise),No,,No,No,URGENT Verify Thy Royal Account Within 24 Hours.eml,URGENT: Verify Thy Royal Account Within 24 Hours
CROWN00000047,Thomas Cromwell,routine,concern,(routine),No,,No,No,Note the masque costumes.eml,Note: the masque costumes
CROWN00000048,Queen Anne Boleyn,loose,xlsx,(loose),No,Confidential,No,No,Treasury_Ledger_1525_Christmas_anne_boleyn086.xlsx,Treasury Ledger — Christmas 1525
CROWN00000049,Thomas Cromwell,noise,spam_scam,(noise),No,,No,No,CONGRATULATIONS  You Have Won the Royal Spanish Lottery 5000.eml,"CONGRATULATIONS — You Have Won the Royal Spanish Lottery (500,000 Ducats)"
CROWN00000050,King Henry VIII,routine,request,(routine),No,,No,No,Re the ordnance survey.eml,Re: the ordnance survey
CROWN00000051,King Henry VIII,routine,request,(routine),No,,No,No,Invoice_rtn-00350.xlsx,Account — the ordnance survey
CROWN00000052,Queen Anne Boleyn,noise,it_notice,(noise),No,,No,No,Mailbox Quota Warning Thy Coffer is 90 Full.eml,Mailbox Quota Warning: Thy Coffer is 90% Full
CROWN00000053,King Henry VIII,noise,spam_food,(noise),No,,No,No,Lenten Special  No Meat Much Cheese Still Glorious.eml,"Lenten Special — No Meat, Much Cheese, Still Glorious"
CROWN00000054,Thomas Cromwell,routine,request,(routine),No,,No,No,Note the kitchen accounts for the quarter.eml,Note: the kitchen accounts for the quarter
CROWN00000055,King Henry VIII,noise,spam_scam,(noise),No,,No,No,CONGRATULATIONS  You Have Won the Royal Spanish Lottery 5000.eml,"CONGRATULATIONS — You Have Won the Royal Spanish Lottery (500,000 Ducats)"
CROWN00000056,Queen Anne Boleyn,routine,logistics,(routine),No,,No,No,The royal stables accounts.eml,The royal stables accounts
CROWN00000057,Queen Anne Boleyn,routine,logistics,(routine),No,,No,No,Report_rtn-00727.pdf,Report — the royal stables accounts
CROWN00000058,Queen Anne Boleyn,routine,approval,(routine),No,,No,No,Re The royal stables accounts.eml,Re: The royal stables accounts
CROWN00000059,King Henry VIII,noise,spam_food,(noise),No,,No,No,Hungry After the Hunt We Deliver to Every Palace.eml,Hungry After the Hunt? We Deliver to Every Palace
CROWN00000060,King Henry VIII,noise,phishing,(noise),No,,No,No,URGENT Verify Thy Royal Account Within 24 Hours.eml,URGENT: Verify Thy Royal Account Within 24 Hours
CROWN00000061,King Henry VIII,noise,newsletter,(noise),No,,No,No,Tudor Times Weekly  18 Sep 1525.eml,Tudor Times Weekly — 18 Sep 1525
CROWN00000062,King Henry VIII,noise,newsletter,(noise),No,,No,No,Tudor_Times_Weekly.pdf,Tudor Times Weekly — Full Issue
CROWN00000063,Queen Anne Boleyn,routine,report,(routine),No,,No,No,Re the kitchen accounts for the quarter.eml,Re: the kitchen accounts for the quarter
CROWN00000064,Queen Anne Boleyn,routine,approval,(routine),No,,No,No,Re the kitchen accounts for the quarter.eml,Re: the kitchen accounts for the quarter
CROWN00000065,King Henry VIII,routine,logistics,(routine),No,,No,No,The royal stables accounts  for approval.eml,The royal stables accounts — for approval
CROWN00000066,King Henry VIII,routine,approval,(routine),No,,No,No,Re The royal stables accounts  for approval.eml,Re: The royal stables accounts — for approval
CROWN00000067,King Henry VIII,noise,newsletter,(noise),No,,No,No,Jousting Monthly Lists Lances  League Tables.eml,"Jousting Monthly: Lists, Lances & League Tables"
CROWN00000068,Queen Anne Boleyn,loose,xlsx,(loose),No,Confidential,No,No,Inventory_JewelHouse_anne_boleyn128.xlsx,Inventory of the Jewel House
CROWN00000069,Queen Anne Boleyn,noise,auto_reply,(noise),No,,No,No,Automatic reply The Muster Of Able Men.eml,Automatic reply: The Muster Of Able Men
CROWN00000070,Thomas Cromwell,routine,request,(routine),No,,No,No,The purveyance of venison quarterly.eml,The purveyance of venison (quarterly)
CROWN00000071,Thomas Cromwell,routine,approval,(routine),No,,No,No,Re The purveyance of venison quarterly.eml,Re: The purveyance of venison (quarterly)
CROWN00000072,Thomas Cromwell,noise,spam_food,(noise),No,,No,No,Lenten Special  No Meat Much Cheese Still Glorious.eml,"Lenten Special — No Meat, Much Cheese, Still Glorious"
CROWN00000073,Queen Anne Boleyn,routine,logistics,(routine),No,,No,No,The garter ceremony arrangements  for approval.eml,The garter ceremony arrangements — for approval
CROWN00000074,King Henry VIII,routine,concern,(routine),No,,No,No,Re the tiltyard schedule.eml,Re: the tiltyard schedule
CROWN00000075,Thomas Cromwell,noise,auto_reply,(noise),No,,No,No,Automatic reply The Harvest Levy.eml,Automatic reply: The Harvest Levy
CROWN00000076,Queen Anne Boleyn,noise,spam_scam,(noise),No,,No,No,CONGRATULATIONS  You Have Won the Royal Spanish Lottery 5000.eml,"CONGRATULATIONS — You Have Won the Royal Spanish Lottery (500,000 Ducats)"
CROWN00000077,Queen Anne Boleyn,noise,spam_scam,(noise),No,,No,No,CONGRATULATIONS  You Have Won the Royal Spanish Lottery 5000.eml,"CONGRATULATIONS — You Have Won the Royal Spanish Lottery (500,000 Ducats)"
CROWN00000078,Queen Anne Boleyn,noise,auto_reply,(noise),No,,No,No,Automatic reply Repairs To The Royal Barge.eml,Automatic reply: Repairs To The Royal Barge
CROWN00000079,Queen Anne Boleyn,noise,phishing,(noise),No,,No,No,URGENT Verify Thy Royal Account Within 24 Hours.eml,URGENT: Verify Thy Royal Account Within 24 Hours
CROWN00000080,King Henry VIII,noise,bounce,(noise),No,,No,No,Undeliverable The New Coinage.eml,Undeliverable: The New Coinage
CROWN00000081,Queen Anne Boleyn,noise,spam_food,(noise),No,,No,No,NEW The Hampton Court Meat Feast Feeds a Whole Privy Council.eml,NEW: The Hampton Court Meat Feast (Feeds a Whole Privy Council)
CROWN00000082,King Henry VIII,noise,bounce,(noise),No,,No,No,Undeliverable The Scottish Border.eml,Undeliverable: The Scottish Border
CROWN00000083,Thomas Cromwell,routine,approval,(routine),No,,No,No,Re the kitchen accounts for the quarter.eml,Re: the kitchen accounts for the quarter
CROWN00000084,King Henry VIII,routine,logistics,(routine),No,,No,No,Note the tiltyard schedule.eml,Note: the tiltyard schedule
CROWN00000085,King Henry VIII,routine,approval,(routine),No,,No,No,Re Note the tiltyard schedule.eml,Re: Note: the tiltyard schedule
CROWN00000086,Queen Anne Boleyn,routine,logistics,(routine),No,,No,No,Note the ordnance survey.eml,Note: the ordnance survey
CROWN00000087,Queen Anne Boleyn,routine,logistics,(routine),No,,No,No,Report_rtn-00672.pdf,Report — the ordnance survey
CROWN00000088,Thomas Cromwell,noise,calendar,(noise),No,,No,No,Invitation Grand Joust at the Shrovetide Lists.eml,Invitation: Grand Joust at the Shrovetide Lists
CROWN00000089,King Henry VIII,noise,phishing,(noise),No,,No,No,URGENT Verify Thy Royal Account Within 24 Hours.eml,URGENT: Verify Thy Royal Account Within 24 Hours
CROWN00000090,King Henry VIII,noise,spam_food,(noise),No,,No,No,Hungry After the Hunt We Deliver to Every Palace.eml,Hungry After the Hunt? We Deliver to Every Palace
CROWN00000091,King Henry VIII,noise,spam_food,(noise),No,,No,No,Two Trenchers for One  This Sennight Only at Ye Olde Pizza H.eml,Two Trenchers for One — This Sennight Only at Ye Olde Pizza Hut
CROWN00000092,Thomas Cromwell,noise,it_notice,(noise),No,,No,No,Reminder Mandatory Doublet  Hose Compliance Training.eml,Reminder: Mandatory Doublet & Hose Compliance Training
CROWN00000093,King Henry VIII,routine,logistics,(routine),No,,No,No,The royal barge repairs quarterly.eml,The royal barge repairs (quarterly)
CROWN00000094,Thomas Cromwell,noise,calendar,(noise),No,,No,No,Invitation Privy Council  Weekly Sitting.eml,Invitation: Privy Council — Weekly Sitting
CROWN00000095,King Henry VIII,noise,spam_food,(noise),No,,No,No,Lenten Special  No Meat Much Cheese Still Glorious.eml,"Lenten Special — No Meat, Much Cheese, Still Glorious"
CROWN00000096,Queen Anne Boleyn,noise,it_notice,(noise),No,,No,No,Scheduled Maintenance The Royal Scriptorium Sunday 2am-6am.eml,"Scheduled Maintenance: The Royal Scriptorium (Sunday, 2am-6am)"
CROWN00000097,King Henry VIII,noise,calendar,(noise),No,,No,No,Invitation Coronation Banquet.eml,Invitation: Coronation Banquet
CROWN00000098,King Henry VIII,noise,calendar,(noise),No,,No,No,invite.ics,Invitation — Coronation Banquet
CROWN00000099,Thomas Cromwell,noise,spam_vendor,(noise),No,,No,No,New Leeches In Stock  Free Delivery on Tonics.eml,New Leeches In Stock + Free Delivery on Tonics
CROWN00000100,Thomas Cromwell,noise,it_notice,(noise),No,,No,No,New Quill Procurement Policy  Effective Immediately.eml,New Quill Procurement Policy — Effective Immediately
CROWN00000101,Thomas Cromwell,noise,it_notice,(noise),No,,No,No,Quill_Procurement_Policy_Q-1536.docx,Quill Procurement Policy (Form Q-1536)
CROWN00000102,Queen Anne Boleyn,routine,report,(routine),No,Confidential,No,No,The progress to the palace of whitehall quarterly.eml,The progress to the palace of whitehall (quarterly)
CROWN00000103,Queen Anne Boleyn,routine,approval,(routine),No,,No,No,Re The progress to the palace of whitehall quarterly.eml,Re: The progress to the palace of whitehall (quarterly)
CROWN00000104,King Henry VIII,noise,spam_food,(noise),No,,No,No,Lenten Special  No Meat Much Cheese Still Glorious.eml,"Lenten Special — No Meat, Much Cheese, Still Glorious"
CROWN00000105,King Henry VIII,noise,newsletter,(noise),No,,No,No,Jousting Monthly Lists Lances  League Tables.eml,"Jousting Monthly: Lists, Lances & League Tables"
CROWN00000106,King Henry VIII,noise,calendar,(noise),No,,No,No,Invitation Garter Ceremony.eml,Invitation: Garter Ceremony
CROWN00000107,Thomas Cromwell,routine,concern,(routine),No,,No,No,Note the ordnance survey.eml,Note: the ordnance survey
CROWN00000108,Thomas Cromwell,routine,report,(routine),No,,No,No,The wine shipment from gascony.eml,The wine shipment from gascony
CROWN00000109,Thomas Cromwell,routine,report,(routine),No,,No,No,WorkOrder_rtn-00629.docx,Work Order — the wine shipment from Gascony
CROWN00000110,Thomas Cromwell,routine,approval,(routine),No,,No,No,Re The wine shipment from gascony.eml,Re: The wine shipment from gascony
CROWN00000111,Queen Anne Boleyn,noise,bounce,(noise),No,,No,No,Undeliverable The Wool Staple At Calais.eml,Undeliverable: The Wool Staple At Calais
CROWN00000112,Thomas Cromwell,routine,concern,(routine),No,Confidential,No,No,The progress to westminster.eml,The progress to westminster
CROWN00000113,King Henry VIII,routine,logistics,(routine),No,,No,No,Re the purveyance of venison.eml,Re: the purveyance of venison
CROWN00000114,Queen Anne Boleyn,noise,spam_food,(noise),No,,No,No,Two Trenchers for One  This Sennight Only at Ye Olde Pizza H.eml,Two Trenchers for One — This Sennight Only at Ye Olde Pizza Hut
CROWN00000115,Thomas Cromwell,noise,spam_food,(noise),No,,No,No,Hungry After the Hunt We Deliver to Every Palace.eml,Hungry After the Hunt? We Deliver to Every Palace
CROWN00000116,Thomas Cromwell,routine,logistics,(routine),No,,No,No,The new years gift roll  for approval.eml,The new year's gift roll — for approval
CROWN00000117,King Henry VIII,noise,spam_food,(noise),No,,No,No,Two Trenchers for One  This Sennight Only at Ye Olde Pizza H.eml,Two Trenchers for One — This Sennight Only at Ye Olde Pizza Hut
CROWN00000118,Queen Anne Boleyn,routine,report,(routine),No,Confidential,No,No,Note the purveyance of venison.eml,Note: the purveyance of venison
CROWN00000119,King Henry VIII,noise,spam_food,(noise),No,,No,No,Two Trenchers for One  This Sennight Only at Ye Olde Pizza H.eml,Two Trenchers for One — This Sennight Only at Ye Olde Pizza Hut
CROWN00000120,Queen Anne Boleyn,noise,bounce,(noise),No,,No,No,Undeliverable The Ordnance Accounts.eml,Undeliverable: The Ordnance Accounts
CROWN00000121,King Henry VIII,routine,request,(routine),No,,No,No,Note the progress to Richmond Palace.eml,Note: the progress to Richmond Palace
CROWN00000122,King Henry VIII,noise,phishing,(noise),No,,No,No,URGENT Verify Thy Royal Account Within 24 Hours.eml,URGENT: Verify Thy Royal Account Within 24 Hours
CROWN00000123,Thomas Cromwell,routine,logistics,(routine),No,,No,No,The new years gift roll.eml,The new year's gift roll
CROWN00000124,Thomas Cromwell,routine,logistics,(routine),No,,No,No,WorkOrder_rtn-00347.docx,Work Order — the New Year's gift roll
CROWN00000125,Queen Anne Boleyn,noise,auto_reply,(noise),No,,No,No,Automatic reply The Muster Of Able Men.eml,Automatic reply: The Muster Of Able Men
CROWN00000126,Thomas Cromwell,loose,xlsx,(loose),No,Confidential,No,No,Inventory_JewelHouse_cromwell097.xlsx,Inventory of the Jewel House
CROWN00000127,Thomas Cromwell,loose,xlsx,(loose),No,Confidential,No,No,Inventory_JewelHouse_cromwell097_rev2.xlsx,Inventory of the Jewel House (rev. 2)
CROWN00000128,Thomas Cromwell,noise,auto_reply,(noise),No,,No,No,Automatic reply The Subsidy Roll.eml,Automatic reply: The Subsidy Roll
CROWN00000129,Queen Anne Boleyn,loose,xlsx,(loose),No,Confidential,No,No,Treasury_Ledger_1526_Lady Day_anne_boleyn142.xlsx,Treasury Ledger — Lady Day 1526
CROWN00000130,Thomas Cromwell,routine,report,(routine),No,,No,No,The kitchen accounts for the quarter.eml,The kitchen accounts for the quarter
CROWN00000131,Queen Anne Boleyn,noise,auto_reply,(noise),No,,No,No,Automatic reply The Subsidy Roll.eml,Automatic reply: The Subsidy Roll
CROWN00000132,Queen Anne Boleyn,routine,concern,(routine),No,Confidential,No,No,The embassy to france quarterly.eml,The embassy to france (quarterly)
CROWN00000133,Queen Anne Boleyn,noise,spam_scam,(noise),No,,No,No,CONGRATULATIONS  You Have Won the Royal Spanish Lottery 5000.eml,"CONGRATULATIONS — You Have Won the Royal Spanish Lottery (500,000 Ducats)"
CROWN00000134,King Henry VIII,routine,approval,(routine),No,,No,No,Re the Christmas revels.eml,Re: the Christmas revels
CROWN00000135,Queen Anne Boleyn,routine,logistics,(routine),No,,No,No,Note the repair of the great clock.eml,Note: the repair of the great clock
CROWN00000136,King Henry VIII,noise,newsletter,(noise),No,,No,No,Tudor Times Weekly  28 Sep 1526.eml,Tudor Times Weekly — 28 Sep 1526
CROWN00000137,Thomas Cromwell,routine,concern,(routine),No,,No,No,Re the purveyance of venison.eml,Re: the purveyance of venison
CROWN00000138,Thomas Cromwell,routine,concern,(routine),No,,No,No,Invoice_rtn-00641.xlsx,Account — the purveyance of venison
CROWN00000139,Queen Anne Boleyn,routine,report,(routine),No,Confidential,No,No,The garter ceremony arrangements.eml,The garter ceremony arrangements
CROWN00000140,Queen Anne Boleyn,routine,approval,(routine),No,,No,No,Re The garter ceremony arrangements.eml,Re: The garter ceremony arrangements
CROWN00000141,Thomas Cromwell,noise,newsletter,(noise),No,,No,No,Tudor Times Weekly  13 Oct 1526.eml,Tudor Times Weekly — 13 Oct 1526
CROWN00000142,Thomas Cromwell,noise,newsletter,(noise),No,,No,No,Tudor_Times_Weekly.pdf,Tudor Times Weekly — Full Issue
CROWN00000143,Thomas Cromwell,routine,report,(routine),No,Confidential,No,No,The kitchen accounts for the quarter.eml,The kitchen accounts for the quarter
CROWN00000144,Thomas Cromwell,routine,report,(routine),No,,No,No,WorkOrder_rtn-00673.docx,Work Order — the kitchen accounts for the quarter
CROWN00000145,Queen Anne Boleyn,noise,phishing,(noise),No,,No,No,URGENT Verify Thy Royal Account Within 24 Hours.eml,URGENT: Verify Thy Royal Account Within 24 Hours
CROWN00000146,Thomas Cromwell,noise,it_notice,(noise),No,,No,No,Mailbox Quota Warning Thy Coffer is 90 Full.eml,Mailbox Quota Warning: Thy Coffer is 90% Full
CROWN00000147,King Henry VIII,loose,png,(loose),No,,No,No,Plan_henry149.png,Plan of Richmond Palace
CROWN00000148,Thomas Cromwell,noise,auto_reply,(noise),No,,No,No,Automatic reply The Wool Staple At Calais.eml,Automatic reply: The Wool Staple At Calais
CROWN00000149,King Henry VIII,noise,newsletter,(noise),No,,No,No,Tudor Times Weekly  11 Nov 1526.eml,Tudor Times Weekly — 11 Nov 1526
CROWN00000150,Thomas Cromwell,routine,logistics,(routine),No,,No,No,The masque costumes.eml,The masque costumes
CROWN00000151,Thomas Cromwell,routine,approval,(routine),No,,No,No,Re The masque costumes.eml,Re: The masque costumes
CROWN00000152,Queen Anne Boleyn,noise,it_notice,(noise),No,,No,No,Password Rotation Required Change Thy Cipher This Month.eml,Password Rotation Required: Change Thy Cipher This Month
CROWN00000153,Queen Anne Boleyn,loose,docx,(loose),No,Internal - Privy Council,No,No,Council_Notes_15261205_anne_boleyn133.docx,Privy Council Notes — 05 December 1526
CROWN00000154,Thomas Cromwell,routine,report,(routine),No,,No,No,Re the ordnance survey.eml,Re: the ordnance survey
CROWN00000155,King Henry VIII,noise,bounce,(noise),No,,No,No,Undeliverable The New Coinage.eml,Undeliverable: The New Coinage
CROWN00000156,King Henry VIII,routine,report,(routine),No,,No,No,The wine shipment from gascony quarterly.eml,The wine shipment from gascony (quarterly)
CROWN00000157,King Henry VIII,routine,report,(routine),No,,No,No,Report_rtn-00464.pdf,Report — the wine shipment from Gascony
CROWN00000158,Thomas Cromwell,noise,auto_reply,(noise),No,,No,No,Automatic reply The Christmas Revels.eml,Automatic reply: The Christmas Revels
CROWN00000159,King Henry VIII,routine,concern,(routine),No,,No,No,The christmas revels quarterly.eml,The christmas revels (quarterly)
CROWN00000160,Thomas Cromwell,loose,docx,(loose),No,Internal - Privy Council,No,No,Draft_Proclamation_cromwell122.docx,Draft Proclamation touching the victualling of the fleet
CROWN00000161,King Henry VIII,narrative,great_matter,The Great Matter,No,,No,No,the oath of the clergy an update.eml,the oath of the clergy: an update
CROWN00000162,King Henry VIII,narrative,great_matter,The Great Matter,No,,No,No,Notes_great_matter_nar-00063.docx,Notes on the oath of the clergy
CROWN00000163,King Henry VIII,narrative,great_matter,The Great Matter,No,,No,No,Re the oath of the clergy an update.eml,Re: the oath of the clergy: an update
CROWN00000164,Thomas Cromwell,routine,report,(routine),No,,No,No,The royal barge repairs  for approval.eml,The royal barge repairs — for approval
CROWN00000165,Thomas Cromwell,routine,report,(routine),No,,No,No,The works at eltham palace quarterly.eml,The works at eltham palace (quarterly)
CROWN00000166,Thomas Cromwell,routine,approval,(routine),No,,No,No,Re The works at eltham palace quarterly.eml,Re: The works at eltham palace (quarterly)
CROWN00000167,Thomas Cromwell,noise,calendar,(noise),No,,No,No,Invitation Attendance Requested at Tower Green 9 oclock.eml,"Invitation: Attendance Requested at Tower Green, 9 o'clock"
CROWN00000168,Thomas Cromwell,noise,calendar,(noise),No,,No,No,invite.ics,"Invitation — Attendance Requested at Tower Green, 9 o'clock"
CROWN00000169,Thomas Cromwell,noise,spam_scam,(noise),No,,No,No,CONGRATULATIONS  You Have Won the Royal Spanish Lottery 5000.eml,"CONGRATULATIONS — You Have Won the Royal Spanish Lottery (500,000 Ducats)"
CROWN00000170,King Henry VIII,noise,newsletter,(noise),No,,No,No,Tudor Times Weekly  03 Mar 1527.eml,Tudor Times Weekly — 03 Mar 1527
CROWN00000171,King Henry VIII,noise,newsletter,(noise),No,,No,No,Jousting Monthly Lists Lances  League Tables.eml,"Jousting Monthly: Lists, Lances & League Tables"
CROWN00000172,Queen Anne Boleyn,routine,request,(routine),No,,No,No,Note the victualling of the fleet.eml,Note: the victualling of the fleet
CROWN00000173,Thomas Cromwell,routine,concern,(routine),No,Confidential,No,No,Re the kitchen accounts for the quarter.eml,Re: the kitchen accounts for the quarter
CROWN00000174,King Henry VIII,noise,phishing,(noise),No,,No,No,URGENT Verify Thy Royal Account Within 24 Hours.eml,URGENT: Verify Thy Royal Account Within 24 Hours
CROWN00000175,Queen Anne Boleyn,noise,it_notice,(noise),No,,No,No,Mailbox Quota Warning Thy Coffer is 90 Full.eml,Mailbox Quota Warning: Thy Coffer is 90% Full
CROWN00000176,Queen Anne Boleyn,loose,png,(loose),No,,No,No,Plan_anne_boleyn145.png,Plan of Eltham Palace
CROWN00000177,King Henry VIII,noise,spam_food,(noise),No,,No,No,Two Trenchers for One  This Sennight Only at Ye Olde Pizza H.eml,Two Trenchers for One — This Sennight Only at Ye Olde Pizza Hut
CROWN00000178,Queen Anne Boleyn,loose,png,(loose),No,,No,No,Plan_anne_boleyn145_rev2.png,Plan of Eltham Palace (rev. 2)
CROWN00000179,King Henry VIII,routine,report,(routine),No,,No,No,The christmas revels quarterly.eml,The christmas revels (quarterly)
CROWN00000180,Thomas Cromwell,routine,concern,(routine),No,,No,No,Note the progress to Nonsuch Palace.eml,Note: the progress to Nonsuch Palace
CROWN00000181,Queen Anne Boleyn,routine,approval,(routine),No,,No,No,Note the tiltyard schedule.eml,Note: the tiltyard schedule
CROWN00000182,Queen Anne Boleyn,routine,approval,(routine),No,,No,No,Re Note the tiltyard schedule.eml,Re: Note: the tiltyard schedule
CROWN00000183,King Henry VIII,routine,request,(routine),No,,No,No,The royal stables accounts quarterly.eml,The royal stables accounts (quarterly)
CROWN00000184,Thomas Cromwell,loose,xlsx,(loose),No,Confidential,No,No,Treasury_Ledger_1527_Midsummer_cromwell040.xlsx,Treasury Ledger — Midsummer 1527
CROWN00000185,King Henry VIII,noise,spam_food,(noise),No,,No,No,Two Trenchers for One  This Sennight Only at Ye Olde Pizza H.eml,Two Trenchers for One — This Sennight Only at Ye Olde Pizza Hut
CROWN00000186,Queen Anne Boleyn,noise,spam_food,(noise),No,,No,No,Hungry After the Hunt We Deliver to Every Palace.eml,Hungry After the Hunt? We Deliver to Every Palace
CROWN00000187,Queen Anne Boleyn,noise,calendar,(noise),No,,No,No,Invitation Grand Joust at the Shrovetide Lists.eml,Invitation: Grand Joust at the Shrovetide Lists
CROWN00000188,King Henry VIII,narrative,great_matter,The Great Matter,No,Confidential,No,No,The Kings Great Matter  to be handled with all discretion.eml,The King's Great Matter — to be handled with all discretion
CROWN00000189,Queen Anne Boleyn,noise,calendar,(noise),No,,No,No,Invitation Diplomatic Reception for the French Embassy.eml,Invitation: Diplomatic Reception for the French Embassy
CROWN00000190,Queen Anne Boleyn,noise,calendar,(noise),No,,No,No,invite.ics,Invitation — Diplomatic Reception for the French Embassy
CROWN00000191,Thomas Cromwell,noise,newsletter,(noise),No,,No,No,Tudor Times Weekly  22 May 1527.eml,Tudor Times Weekly — 22 May 1527
CROWN00000192,King Henry VIII,routine,approval,(routine),No,,No,No,The garter ceremony arrangements quarterly.eml,The garter ceremony arrangements (quarterly)
CROWN00000193,King Henry VIII,routine,approval,(routine),No,,No,No,Re The garter ceremony arrangements quarterly.eml,Re: The garter ceremony arrangements (quarterly)
CROWN00000194,Queen Anne Boleyn,noise,newsletter,(noise),No,,No,No,Tudor Times Weekly  25 May 1527.eml,Tudor Times Weekly — 25 May 1527
CROWN00000195,King Henry VIII,narrative,great_matter,The Great Matter,No,Confidential,No,No,Re The Kings Great Matter  to be handled with all discretion.eml,Re: The King's Great Matter — to be handled with all discretion
CROWN00000196,Queen Anne Boleyn,noise,it_notice,(noise),No,,No,No,Reminder Mandatory Doublet  Hose Compliance Training.eml,Reminder: Mandatory Doublet & Hose Compliance Training
CROWN00000197,Thomas Cromwell,routine,logistics,(routine),No,Confidential,No,No,The subsidy assessment for surrey.eml,The subsidy assessment for surrey
CROWN00000198,Thomas Cromwell,routine,logistics,(routine),No,,No,No,Report_rtn-00283.pdf,Report — the subsidy assessment for Surrey
CROWN00000199,Queen Anne Boleyn,loose,png,(loose),No,,No,No,Portrait_anne_boleyn104.png,Portrait of an Unknown Nobleman
CROWN00000200,Queen Anne Boleyn,noise,phishing,(noise),No,,No,No,URGENT Verify Thy Royal Account Within 24 Hours.eml,URGENT: Verify Thy Royal Account Within 24 Hours
CROWN00000201,King Henry VIII,noise,newsletter,(noise),No,,No,No,Tudor Times Weekly  15 Jun 1527.eml,Tudor Times Weekly — 15 Jun 1527
CROWN00000202,Thomas Cromwell,routine,report,(routine),No,,No,No,Re the victualling of the fleet.eml,Re: the victualling of the fleet
CROWN00000203,Thomas Cromwell,routine,approval,(routine),No,,No,No,Re the victualling of the fleet.eml,Re: the victualling of the fleet
CROWN00000204,Thomas Cromwell,noise,newsletter,(noise),No,,No,No,Tudor Times Weekly  23 Jun 1527.eml,Tudor Times Weekly — 23 Jun 1527
CROWN00000205,Thomas Cromwell,noise,newsletter,(noise),No,,No,No,Tudor_Times_Weekly.pdf,Tudor Times Weekly — Full Issue
CROWN00000206,Thomas Cromwell,routine,concern,(routine),No,,No,No,The repair of the great clock.eml,The repair of the great clock
CROWN00000207,Queen Anne Boleyn,noise,spam_food,(noise),No,,No,No,NEW The Hampton Court Meat Feast Feeds a Whole Privy Council.eml,NEW: The Hampton Court Meat Feast (Feeds a Whole Privy Council)
CROWN00000208,King Henry VIII,routine,approval,(routine),No,Confidential,No,No,The falconry mews.eml,The falconry mews
CROWN00000209,Queen Anne Boleyn,noise,newsletter,(noise),No,,No,No,Tudor Times Weekly  11 Jul 1527.eml,Tudor Times Weekly — 11 Jul 1527
CROWN00000210,Queen Anne Boleyn,routine,report,(routine),No,,No,No,The repair of the great clock quarterly.eml,The repair of the great clock (quarterly)
CROWN00000211,Queen Anne Boleyn,routine,approval,(routine),No,,No,No,Re The repair of the great clock quarterly.eml,Re: The repair of the great clock (quarterly)
CROWN00000212,Queen Anne Boleyn,routine,request,(routine),No,Confidential,No,No,The ordnance survey quarterly.eml,The ordnance survey (quarterly)
CROWN00000213,Queen Anne Boleyn,routine,request,(routine),No,,No,No,Invoice_rtn-00715.xlsx,Account — the ordnance survey
CROWN00000214,Thomas Cromwell,loose,docx,(loose),No,,No,No,Draft_Proclamation_cromwell041.docx,Draft Proclamation touching the progress itinerary
CROWN00000215,Thomas Cromwell,routine,approval,(routine),No,Confidential,No,No,The tiltyard schedule quarterly.eml,The tiltyard schedule (quarterly)
CROWN00000216,King Henry VIII,narrative,great_matter,The Great Matter,No,Confidential,No,No,Concerning the Queens dower lands.eml,Concerning the Queen's dower lands
CROWN00000217,King Henry VIII,narrative,great_matter,The Great Matter,No,,No,No,Re Concerning the Queens dower lands.eml,Re: Concerning the Queen's dower lands
CROWN00000218,Queen Anne Boleyn,noise,auto_reply,(noise),No,,No,No,Automatic reply The French Embassy.eml,Automatic reply: The French Embassy
CROWN00000219,King Henry VIII,noise,calendar,(noise),No,,No,No,Invitation Privy Council  Weekly Sitting.eml,Invitation: Privy Council — Weekly Sitting
CROWN00000220,King Henry VIII,noise,calendar,(noise),No,,No,No,invite.ics,Invitation — Privy Council — Weekly Sitting
CROWN00000221,King Henry VIII,noise,auto_reply,(noise),No,,No,No,Automatic reply The Subsidy Roll.eml,Automatic reply: The Subsidy Roll
CROWN00000222,Thomas Cromwell,loose,xlsx,(loose),No,,No,No,Treasury_Ledger_1527_Michaelmas_cromwell135.xlsx,Treasury Ledger — Michaelmas 1527
CROWN00000223,King Henry VIII,routine,report,(routine),No,,No,No,The garter ceremony arrangements quarterly.eml,The garter ceremony arrangements (quarterly)
CROWN00000224,King Henry VIII,routine,report,(routine),No,,No,No,Invoice_rtn-00359.xlsx,Account — the Garter ceremony arrangements
CROWN00000225,Queen Anne Boleyn,noise,spam_food,(noise),No,,No,No,Hungry After the Hunt We Deliver to Every Palace.eml,Hungry After the Hunt? We Deliver to Every Palace
CROWN00000226,Queen Anne Boleyn,noise,auto_reply,(noise),No,,No,No,Automatic reply The Wool Staple At Calais.eml,Automatic reply: The Wool Staple At Calais
CROWN00000227,Thomas Cromwell,loose,pdf,(loose),No,,No,No,Survey_cromwell012.pdf,Survey of the Palace of Whitehall
CROWN00000228,Queen Anne Boleyn,noise,spam_scam,(noise),No,,No,No,CONGRATULATIONS  You Have Won the Royal Spanish Lottery 5000.eml,"CONGRATULATIONS — You Have Won the Royal Spanish Lottery (500,000 Ducats)"
CROWN00000229,King Henry VIII,noise,spam_vendor,(noise),No,,No,No,Tapestries Half Price  This Quarter Only.eml,Tapestries Half Price — This Quarter Only
CROWN00000230,Queen Anne Boleyn,noise,newsletter,(noise),No,,No,No,Tudor Times Weekly  18 Oct 1527.eml,Tudor Times Weekly — 18 Oct 1527
CROWN00000231,Queen Anne Boleyn,noise,newsletter,(noise),No,,No,No,Tudor_Times_Weekly.pdf,Tudor Times Weekly — Full Issue
CROWN00000232,Thomas Cromwell,routine,concern,(routine),No,,No,No,The subsidy assessment for kent  for approval.eml,The subsidy assessment for kent — for approval
CROWN00000233,Thomas Cromwell,routine,report,(routine),No,,No,No,The repair of the great clock quarterly.eml,The repair of the great clock (quarterly)
CROWN00000234,Thomas Cromwell,routine,approval,(routine),No,,No,No,Re The repair of the great clock quarterly.eml,Re: The repair of the great clock (quarterly)
CROWN00000235,Thomas Cromwell,noise,spam_food,(noise),No,,No,No,Hungry After the Hunt We Deliver to Every Palace.eml,Hungry After the Hunt? We Deliver to Every Palace
CROWN00000236,Thomas Cromwell,noise,it_notice,(noise),No,,No,No,Reminder Mandatory Doublet  Hose Compliance Training.eml,Reminder: Mandatory Doublet & Hose Compliance Training
CROWN00000237,King Henry VIII,narrative,great_matter,The Great Matter,No,Internal - Privy Council,No,No,Query on the universities verdicts.eml,Query on the universities' verdicts
CROWN00000238,Thomas Cromwell,narrative,great_matter,The Great Matter,No,Internal - Privy Council,No,Yes,Query on the universities verdicts.eml,Query on the universities' verdicts
CROWN00000239,Thomas Cromwell,routine,request,(routine),No,,No,No,The wine shipment from gascony  for approval.eml,The wine shipment from gascony — for approval
CROWN00000240,King Henry VIII,narrative,great_matter,The Great Matter,No,,No,No,Re Query on the universities verdicts.eml,Re: Query on the universities' verdicts
CROWN00000241,Thomas Cromwell,noise,spam_food,(noise),No,,No,No,Two Trenchers for One  This Sennight Only at Ye Olde Pizza H.eml,Two Trenchers for One — This Sennight Only at Ye Olde Pizza Hut
CROWN00000242,King Henry VIII,loose,xlsx,(loose),No,Confidential,No,No,Treasury_Ledger_1527_Michaelmas_henry114.xlsx,Treasury Ledger — Michaelmas 1527
CROWN00000243,Thomas Cromwell,narrative,great_matter,The Great Matter,No,Confidential,No,No,A word about the drafting of the Act of Appeals.eml,A word about the drafting of the Act of Appeals
CROWN00000244,King Henry VIII,routine,report,(routine),No,Confidential,No,No,The progress to windsor castle  for approval.eml,The progress to windsor castle — for approval
CROWN00000245,King Henry VIII,routine,logistics,(routine),No,Confidential,No,No,The new years gift roll.eml,The new year's gift roll
CROWN00000246,King Henry VIII,routine,approval,(routine),No,,No,No,Re The new years gift roll.eml,Re: The new year's gift roll
CROWN00000247,King Henry VIII,routine,report,(routine),No,,No,No,The wine shipment from gascony quarterly.eml,The wine shipment from gascony (quarterly)
CROWN00000248,King Henry VIII,noise,bounce,(noise),No,,No,No,Undeliverable The Wool Staple At Calais.eml,Undeliverable: The Wool Staple At Calais
CROWN00000249,King Henry VIII,routine,approval,(routine),No,,No,No,Re The wine shipment from gascony quarterly.eml,Re: The wine shipment from gascony (quarterly)
CROWN00000250,Queen Anne Boleyn,noise,spam_food,(noise),No,,No,No,Two Trenchers for One  This Sennight Only at Ye Olde Pizza H.eml,Two Trenchers for One — This Sennight Only at Ye Olde Pizza Hut
CROWN00000251,King Henry VIII,routine,request,(routine),No,,No,No,Note the wine shipment from Gascony.eml,Note: the wine shipment from Gascony
CROWN00000252,King Henry VIII,routine,request,(routine),No,,No,No,Invoice_rtn-00526.xlsx,Account — the wine shipment from Gascony
CROWN00000253,King Henry VIII,routine,approval,(routine),No,,No,No,Re Note the wine shipment from Gascony.eml,Re: Note: the wine shipment from Gascony
CROWN00000254,King Henry VIII,noise,calendar,(noise),No,,No,No,Invitation Christmas Revels.eml,Invitation: Christmas Revels
CROWN00000255,Queen Anne Boleyn,noise,spam_scam,(noise),No,,No,No,CONGRATULATIONS  You Have Won the Royal Spanish Lottery 5000.eml,"CONGRATULATIONS — You Have Won the Royal Spanish Lottery (500,000 Ducats)"
CROWN00000256,Queen Anne Boleyn,routine,report,(routine),No,,No,No,Note the repair of the great clock.eml,Note: the repair of the great clock
CROWN00000257,Queen Anne Boleyn,noise,it_notice,(noise),No,,No,No,New Quill Procurement Policy  Effective Immediately.eml,New Quill Procurement Policy — Effective Immediately
CROWN00000258,King Henry VIII,noise,bounce,(noise),No,,No,No,Undeliverable The Ordnance Accounts.eml,Undeliverable: The Ordnance Accounts
CROWN00000259,Thomas Cromwell,noise,auto_reply,(noise),No,,No,No,Automatic reply The Subsidy Roll.eml,Automatic reply: The Subsidy Roll
CROWN00000260,Queen Anne Boleyn,routine,logistics,(routine),No,,No,No,Re the Christmas revels.eml,Re: the Christmas revels
CROWN00000261,Queen Anne Boleyn,routine,logistics,(routine),No,,No,No,Invoice_rtn-00525.xlsx,Account — the Christmas revels
CROWN00000262,King Henry VIII,noise,calendar,(noise),No,,No,No,Invitation Garter Ceremony.eml,Invitation: Garter Ceremony
CROWN00000263,Queen Anne Boleyn,routine,request,(routine),No,,No,No,The garter ceremony arrangements  for approval.eml,The garter ceremony arrangements — for approval
CROWN00000264,King Henry VIII,routine,concern,(routine),No,,No,No,Re the New Years gift roll.eml,Re: the New Year's gift roll
CROWN00000265,Thomas Cromwell,noise,calendar,(noise),No,,No,No,Invitation Attendance Requested at Tower Green 9 oclock.eml,"Invitation: Attendance Requested at Tower Green, 9 o'clock"
CROWN00000266,King Henry VIII,noise,bounce,(noise),No,,No,No,Undeliverable The Progress Itinerary.eml,Undeliverable: The Progress Itinerary
CROWN00000267,Thomas Cromwell,narrative,great_matter,The Great Matter,No,Internal - Privy Council,No,No,Note on the drafting of the Act of Appeals.eml,Note on the drafting of the Act of Appeals
CROWN00000268,Queen Anne Boleyn,noise,phishing,(noise),No,,No,No,URGENT Verify Thy Royal Account Within 24 Hours.eml,URGENT: Verify Thy Royal Account Within 24 Hours
CROWN00000269,Thomas Cromwell,routine,report,(routine),No,,No,No,Re the kitchen accounts for the quarter.eml,Re: the kitchen accounts for the quarter
CROWN00000270,Thomas Cromwell,noise,phishing,(noise),No,,No,No,URGENT Verify Thy Royal Account Within 24 Hours.eml,URGENT: Verify Thy Royal Account Within 24 Hours
CROWN00000271,Thomas Cromwell,routine,approval,(routine),No,,No,No,Re the kitchen accounts for the quarter.eml,Re: the kitchen accounts for the quarter
CROWN00000272,Thomas Cromwell,routine,logistics,(routine),No,,No,No,The victualling of the fleet  for approval.eml,The victualling of the fleet — for approval
CROWN00000273,King Henry VIII,routine,logistics,(routine),No,,No,No,The falconry mews  for approval.eml,The falconry mews — for approval
CROWN00000274,Queen Anne Boleyn,noise,auto_reply,(noise),No,,No,No,Automatic reply The Victualling Of The Fleet.eml,Automatic reply: The Victualling Of The Fleet
CROWN00000275,Queen Anne Boleyn,noise,bounce,(noise),No,,No,No,Undeliverable The Harvest Levy.eml,Undeliverable: The Harvest Levy
CROWN00000276,King Henry VIII,noise,newsletter,(noise),No,,No,No,Jousting Monthly Lists Lances  League Tables.eml,"Jousting Monthly: Lists, Lances & League Tables"
CROWN00000277,King Henry VIII,noise,spam_scam,(noise),No,,No,No,CONGRATULATIONS  You Have Won the Royal Spanish Lottery 5000.eml,"CONGRATULATIONS — You Have Won the Royal Spanish Lottery (500,000 Ducats)"
CROWN00000278,King Henry VIII,noise,newsletter,(noise),No,,No,No,Jousting Monthly Lists Lances  League Tables.eml,"Jousting Monthly: Lists, Lances & League Tables"
CROWN00000279,Thomas Cromwell,routine,request,(routine),No,,No,No,The masque costumes  for approval.eml,The masque costumes — for approval
CROWN00000280,Thomas Cromwell,noise,it_notice,(noise),No,,No,No,Mailbox Quota Warning Thy Coffer is 90 Full.eml,Mailbox Quota Warning: Thy Coffer is 90% Full
CROWN00000281,Thomas Cromwell,narrative,great_matter,The Great Matter,No,,No,No,Concerning the canon lawyers opinions.eml,Concerning the canon lawyers' opinions
CROWN00000282,Queen Anne Boleyn,narrative,great_matter,The Great Matter,No,Internal - Privy Council,No,No,Concerning the drafting of the Act of Appeals.eml,Concerning the drafting of the Act of Appeals
CROWN00000283,Queen Anne Boleyn,narrative,great_matter,The Great Matter,No,,No,No,Re Concerning the drafting of the Act of Appeals.eml,Re: Concerning the drafting of the Act of Appeals
CROWN00000284,Thomas Cromwell,loose,png,(loose),No,,No,No,Portrait_cromwell111.png,Portrait of a Young Princess
CROWN00000285,Thomas Cromwell,noise,spam_food,(noise),No,,No,No,NEW The Hampton Court Meat Feast Feeds a Whole Privy Council.eml,NEW: The Hampton Court Meat Feast (Feeds a Whole Privy Council)
CROWN00000286,Queen Anne Boleyn,routine,request,(routine),No,,No,No,The garter ceremony arrangements  for approval.eml,The garter ceremony arrangements — for approval
CROWN00000287,Thomas Cromwell,routine,request,(routine),No,,No,Yes,The garter ceremony arrangements  for approval.eml,The garter ceremony arrangements — for approval
CROWN00000288,King Henry VIII,routine,logistics,(routine),No,,No,No,Note the subsidy assessment for Somerset.eml,Note: the subsidy assessment for Somerset
CROWN00000289,Thomas Cromwell,routine,logistics,(routine),No,,No,No,The falconry mews quarterly.eml,The falconry mews (quarterly)
CROWN00000290,King Henry VIII,routine,logistics,(routine),No,Confidential,No,No,Re the royal stables accounts.eml,Re: the royal stables accounts
CROWN00000291,Thomas Cromwell,routine,approval,(routine),No,,No,No,Re The falconry mews quarterly.eml,Re: The falconry mews (quarterly)
CROWN00000292,King Henry VIII,routine,approval,(routine),No,,No,No,Re the royal stables accounts.eml,Re: the royal stables accounts
CROWN00000293,Thomas Cromwell,noise,it_notice,(noise),No,,No,No,Mailbox Quota Warning Thy Coffer is 90 Full.eml,Mailbox Quota Warning: Thy Coffer is 90% Full
CROWN00000294,King Henry VIII,noise,spam_scam,(noise),No,,No,No,CONGRATULATIONS  You Have Won the Royal Spanish Lottery 5000.eml,"CONGRATULATIONS — You Have Won the Royal Spanish Lottery (500,000 Ducats)"
CROWN00000295,Thomas Cromwell,routine,report,(routine),No,Confidential,No,No,The falconry mews  for approval.eml,The falconry mews — for approval
CROWN00000296,Thomas Cromwell,routine,approval,(routine),No,,No,No,Re The falconry mews  for approval.eml,Re: The falconry mews — for approval
CROWN00000297,King Henry VIII,routine,request,(routine),No,,No,No,Re the wardrobe accounts.eml,Re: the wardrobe accounts
CROWN00000298,Thomas Cromwell,noise,it_notice,(noise),No,,No,No,Password Rotation Required Change Thy Cipher This Month.eml,Password Rotation Required: Change Thy Cipher This Month
CROWN00000299,Queen Anne Boleyn,noise,phishing,(noise),No,,No,No,URGENT Verify Thy Royal Account Within 24 Hours.eml,URGENT: Verify Thy Royal Account Within 24 Hours
CROWN00000300,Queen Anne Boleyn,noise,newsletter,(noise),No,,No,No,Tudor Times Weekly  24 Jun 1528.eml,Tudor Times Weekly — 24 Jun 1528
CROWN00000301,Queen Anne Boleyn,routine,request,(routine),No,,No,No,The works at the tower of london quarterly.eml,The works at the tower of london (quarterly)
CROWN00000302,Queen Anne Boleyn,loose,png,(loose),No,,No,No,Plan_anne_boleyn027.png,Plan of the Palace of Whitehall
CROWN00000303,Queen Anne Boleyn,routine,approval,(routine),No,,No,No,Re The works at the tower of london quarterly.eml,Re: The works at the tower of london (quarterly)
CROWN00000304,Queen Anne Boleyn,routine,request,(routine),No,,No,No,The works at the palace of whitehall quarterly.eml,The works at the palace of whitehall (quarterly)
CROWN00000305,Queen Anne Boleyn,routine,request,(routine),No,,No,No,Invoice_rtn-00623.xlsx,Account — the works at the Palace of Whitehall
CROWN00000306,Thomas Cromwell,noise,calendar,(noise),No,,No,No,Invitation Privy Council  Weekly Sitting.eml,Invitation: Privy Council — Weekly Sitting
CROWN00000307,King Henry VIII,routine,report,(routine),No,Confidential,No,No,Re the royal barge repairs.eml,Re: the royal barge repairs
CROWN00000308,King Henry VIII,routine,approval,(routine),No,,No,No,Re the royal barge repairs.eml,Re: the royal barge repairs
CROWN00000309,Queen Anne Boleyn,noise,newsletter,(noise),No,,No,No,Tudor Times Weekly  08 Aug 1528.eml,Tudor Times Weekly — 08 Aug 1528
CROWN00000310,King Henry VIII,noise,it_notice,(noise),No,,No,No,Mailbox Quota Warning Thy Coffer is 90 Full.eml,Mailbox Quota Warning: Thy Coffer is 90% Full
CROWN00000311,King Henry VIII,routine,concern,(routine),No,,No,No,Re the falconry mews.eml,Re: the falconry mews
CROWN00000312,King Henry VIII,narrative,great_matter,The Great Matter,No,,No,No,Concerning the Imperial ambassadors protests.eml,Concerning the Imperial ambassador's protests
CROWN00000313,King Henry VIII,narrative,great_matter,The Great Matter,No,,No,No,Notes_great_matter_nar-00058.docx,Notes on the Imperial ambassador's protests
CROWN00000314,Thomas Cromwell,routine,concern,(routine),No,,No,No,The christmas revels quarterly.eml,The christmas revels (quarterly)
CROWN00000315,Queen Anne Boleyn,noise,auto_reply,(noise),No,,No,No,Automatic reply The Christmas Revels.eml,Automatic reply: The Christmas Revels
CROWN00000316,Thomas Cromwell,routine,request,(routine),No,,No,No,The purveyance of venison  for approval.eml,The purveyance of venison — for approval
CROWN00000317,Thomas Cromwell,routine,request,(routine),No,,No,No,Invoice_rtn-00530.xlsx,Account — the purveyance of venison
CROWN00000318,King Henry VIII,noise,spam_food,(noise),No,,No,No,Hungry After the Hunt We Deliver to Every Palace.eml,Hungry After the Hunt? We Deliver to Every Palace
CROWN00000319,Thomas Cromwell,noise,phishing,(noise),No,,No,No,URGENT Verify Thy Royal Account Within 24 Hours.eml,URGENT: Verify Thy Royal Account Within 24 Hours
CROWN00000320,Thomas Cromwell,routine,report,(routine),No,,No,No,The royal stables accounts quarterly.eml,The royal stables accounts (quarterly)
CROWN00000321,Queen Anne Boleyn,noise,newsletter,(noise),No,,No,No,Tudor Times Weekly  23 Sep 1528.eml,Tudor Times Weekly — 23 Sep 1528
CROWN00000322,Queen Anne Boleyn,noise,newsletter,(noise),No,,No,No,Tudor_Times_Weekly.pdf,Tudor Times Weekly — Full Issue
CROWN00000323,Queen Anne Boleyn,noise,newsletter,(noise),No,,No,No,Jousting Monthly Lists Lances  League Tables.eml,"Jousting Monthly: Lists, Lances & League Tables"
CROWN00000324,Thomas Cromwell,noise,it_notice,(noise),No,,No,No,Reminder Mandatory Doublet  Hose Compliance Training.eml,Reminder: Mandatory Doublet & Hose Compliance Training
CROWN00000325,Queen Anne Boleyn,routine,report,(routine),No,,No,No,The royal barge repairs  for approval.eml,The royal barge repairs — for approval
CROWN00000326,King Henry VIII,routine,report,(routine),No,,No,No,Note the kitchen accounts for the quarter.eml,Note: the kitchen accounts for the quarter
CROWN00000327,King Henry VIII,loose,docx,(loose),No,Internal - Privy Council,No,No,Council_Notes_15281107_henry025.docx,Privy Council Notes — 07 November 1528
CROWN00000328,King Henry VIII,narrative,great_matter,The Great Matter,No,,No,No,A wifes answer.eml,A wife's answer
CROWN00000329,Queen Anne Boleyn,loose,docx,(loose),No,Internal - Privy Council,No,No,Draft_Proclamation_anne_boleyn103.docx,Draft Proclamation touching the harvest levy
CROWN00000330,King Henry VIII,noise,newsletter,(noise),No,,No,No,Tudor Times Weekly  23 Nov 1528.eml,Tudor Times Weekly — 23 Nov 1528
CROWN00000331,Queen Anne Boleyn,noise,spam_scam,(noise),No,,No,No,CONGRATULATIONS  You Have Won the Royal Spanish Lottery 5000.eml,"CONGRATULATIONS — You Have Won the Royal Spanish Lottery (500,000 Ducats)"
CROWN00000332,Thomas Cromwell,noise,it_notice,(noise),No,,No,No,New Quill Procurement Policy  Effective Immediately.eml,New Quill Procurement Policy — Effective Immediately
CROWN00000333,King Henry VIII,narrative,great_matter,The Great Matter,No,,No,No,Concerning the Imperial ambassadors protests.eml,Concerning the Imperial ambassador's protests
CROWN00000334,Thomas Cromwell,noise,calendar,(noise),No,,No,No,Invitation Diplomatic Reception for the French Embassy.eml,Invitation: Diplomatic Reception for the French Embassy
CROWN00000335,Queen Anne Boleyn,noise,auto_reply,(noise),No,,No,No,Automatic reply The New Coinage.eml,Automatic reply: The New Coinage
CROWN00000336,Thomas Cromwell,noise,auto_reply,(noise),No,,No,No,Automatic reply The Harvest Levy.eml,Automatic reply: The Harvest Levy
CROWN00000337,Thomas Cromwell,routine,concern,(routine),No,,No,No,Re the falconry mews.eml,Re: the falconry mews
CROWN00000338,King Henry VIII,routine,approval,(routine),No,,No,No,The christmas revels quarterly.eml,The christmas revels (quarterly)
CROWN00000339,Queen Anne Boleyn,noise,spam_food,(noise),No,,No,No,Hungry After the Hunt We Deliver to Every Palace.eml,Hungry After the Hunt? We Deliver to Every Palace
CROWN00000340,King Henry VIII,routine,approval,(routine),No,,No,No,Re The christmas revels quarterly.eml,Re: The christmas revels (quarterly)
CROWN00000341,Thomas Cromwell,noise,newsletter,(noise),No,,No,No,Tudor Times Weekly  21 Feb 1529.eml,Tudor Times Weekly — 21 Feb 1529
CROWN00000342,King Henry VIII,noise,newsletter,(noise),No,,No,No,Tudor Times Weekly  01 Mar 1529.eml,Tudor Times Weekly — 01 Mar 1529
CROWN00000343,Queen Anne Boleyn,noise,calendar,(noise),No,,No,No,Invitation Grand Joust at the Shrovetide Lists.eml,Invitation: Grand Joust at the Shrovetide Lists
CROWN00000344,Thomas Cromwell,noise,it_notice,(noise),No,,No,No,New Quill Procurement Policy  Effective Immediately.eml,New Quill Procurement Policy — Effective Immediately
CROWN00000345,King Henry VIII,routine,request,(routine),No,,No,No,The wardrobe accounts quarterly.eml,The wardrobe accounts (quarterly)
CROWN00000346,King Henry VIII,routine,approval,(routine),No,,No,No,Re The wardrobe accounts quarterly.eml,Re: The wardrobe accounts (quarterly)
CROWN00000347,Queen Anne Boleyn,narrative,great_matter,The Great Matter,No,,No,No,A word about the legatine court records.eml,A word about the legatine court records
CROWN00000348,Queen Anne Boleyn,narrative,great_matter,The Great Matter,No,,No,No,Notes_great_matter_nar-00059.docx,Notes on the legatine court records
CROWN00000349,Queen Anne Boleyn,narrative,great_matter,The Great Matter,No,,No,No,Re A word about the legatine court records.eml,Re: A word about the legatine court records
CROWN00000350,King Henry VIII,noise,bounce,(noise),No,,No,No,Undeliverable The Progress Itinerary.eml,Undeliverable: The Progress Itinerary
CROWN00000351,Thomas Cromwell,noise,spam_food,(noise),No,,No,No,Lenten Special  No Meat Much Cheese Still Glorious.eml,"Lenten Special — No Meat, Much Cheese, Still Glorious"
CROWN00000352,King Henry VIII,noise,it_notice,(noise),No,,No,No,Scheduled Maintenance The Royal Scriptorium Sunday 2am-6am.eml,"Scheduled Maintenance: The Royal Scriptorium (Sunday, 2am-6am)"
CROWN00000353,King Henry VIII,noise,newsletter,(noise),No,,No,No,Jousting Monthly Lists Lances  League Tables.eml,"Jousting Monthly: Lists, Lances & League Tables"
CROWN00000354,Queen Anne Boleyn,narrative,great_matter,The Great Matter,No,,No,No,the oath of the clergy  for your consideration.eml,the oath of the clergy — for your consideration
CROWN00000355,Queen Anne Boleyn,routine,report,(routine),No,Confidential,No,No,The subsidy assessment for sussex quarterly.eml,The subsidy assessment for sussex (quarterly)
CROWN00000356,Queen Anne Boleyn,routine,approval,(routine),No,,No,No,Re The subsidy assessment for sussex quarterly.eml,Re: The subsidy assessment for sussex (quarterly)
CROWN00000357,Queen Anne Boleyn,noise,it_notice,(noise),No,,No,No,Mailbox Quota Warning Thy Coffer is 90 Full.eml,Mailbox Quota Warning: Thy Coffer is 90% Full
CROWN00000358,Queen Anne Boleyn,loose,xlsx,(loose),No,,No,No,Treasury_Ledger_1529_Lady Day_anne_boleyn054.xlsx,Treasury Ledger — Lady Day 1529
CROWN00000359,King Henry VIII,routine,concern,(routine),No,Confidential,No,No,The embassy to france  for approval.eml,The embassy to france — for approval
CROWN00000360,King Henry VIII,routine,concern,(routine),No,,No,No,Report_rtn-00780.pdf,Report — the embassy to France
CROWN00000361,King Henry VIII,routine,approval,(routine),No,,No,No,Re The embassy to france  for approval.eml,Re: The embassy to france — for approval
CROWN00000362,King Henry VIII,noise,it_notice,(noise),No,,No,No,New Quill Procurement Policy  Effective Immediately.eml,New Quill Procurement Policy — Effective Immediately
CROWN00000363,King Henry VIII,noise,it_notice,(noise),No,,No,No,Quill_Procurement_Policy_Q-1536.docx,Quill Procurement Policy (Form Q-1536)
CROWN00000364,Queen Anne Boleyn,noise,spam_food,(noise),No,,No,No,NEW The Hampton Court Meat Feast Feeds a Whole Privy Council.eml,NEW: The Hampton Court Meat Feast (Feeds a Whole Privy Council)
CROWN00000365,Queen Anne Boleyn,noise,auto_reply,(noise),No,,No,No,Automatic reply The Victualling Of The Fleet.eml,Automatic reply: The Victualling Of The Fleet
CROWN00000366,Thomas Cromwell,narrative,great_matter,The Great Matter,No,Confidential,No,No,the drafting of the Act of Appeals  action required.eml,the drafting of the Act of Appeals — action required
CROWN00000367,King Henry VIII,narrative,foreign_language,The Great Matter,No,,No,No,De vuestra fiel esposa.eml,De vuestra fiel esposa
CROWN00000368,Thomas Cromwell,noise,calendar,(noise),No,,No,No,Invitation Grand Joust at the Shrovetide Lists.eml,Invitation: Grand Joust at the Shrovetide Lists
CROWN00000369,Thomas Cromwell,noise,calendar,(noise),No,,No,No,invite.ics,Invitation — Grand Joust at the Shrovetide Lists
CROWN00000370,Queen Anne Boleyn,routine,request,(routine),No,Confidential,No,No,The wardrobe accounts  for approval.eml,The wardrobe accounts — for approval
CROWN00000371,Queen Anne Boleyn,routine,request,(routine),No,,No,No,Invoice_rtn-00662.xlsx,Account — the wardrobe accounts
CROWN00000372,Thomas Cromwell,noise,newsletter,(noise),No,,No,No,Jousting Monthly Lists Lances  League Tables.eml,"Jousting Monthly: Lists, Lances & League Tables"
CROWN00000373,King Henry VIII,narrative,great_matter,The Great Matter,No,,No,No,the legatine court records further to our last.eml,the legatine court records (further to our last)
CROWN00000374,Queen Anne Boleyn,routine,approval,(routine),No,,No,No,Re The wardrobe accounts  for approval.eml,Re: The wardrobe accounts — for approval
CROWN00000375,Thomas Cromwell,noise,newsletter,(noise),No,,No,No,Tudor Times Weekly  14 Jul 1529.eml,Tudor Times Weekly — 14 Jul 1529
CROWN00000376,Queen Anne Boleyn,narrative,great_matter,The Great Matter,No,,No,No,Note on the appeal to Rome.eml,Note on the appeal to Rome
CROWN00000377,Queen Anne Boleyn,narrative,great_matter,The Great Matter,No,,No,No,Re Note on the appeal to Rome.eml,Re: Note on the appeal to Rome
CROWN00000378,King Henry VIII,narrative,great_matter,The Great Matter,No,,No,No,Note on the Imperial ambassadors protests.eml,Note on the Imperial ambassador's protests
CROWN00000379,King Henry VIII,noise,auto_reply,(noise),No,,No,No,Automatic reply The Subsidy Roll.eml,Automatic reply: The Subsidy Roll
CROWN00000380,King Henry VIII,narrative,great_matter,The Great Matter,No,Confidential,No,No,The legatine court at Blackfriars.eml,The legatine court at Blackfriars
CROWN00000381,King Henry VIII,narrative,great_matter,The Great Matter,No,Confidential,No,No,Query on the universities verdicts.eml,Query on the universities' verdicts
CROWN00000382,Queen Anne Boleyn,noise,phishing,(noise),No,,No,No,URGENT Verify Thy Royal Account Within 24 Hours.eml,URGENT: Verify Thy Royal Account Within 24 Hours
CROWN00000383,King Henry VIII,routine,report,(routine),No,,No,No,The royal barge repairs quarterly.eml,The royal barge repairs (quarterly)
CROWN00000384,Queen Anne Boleyn,routine,request,(routine),No,,No,No,The new years gift roll  for approval.eml,The new year's gift roll — for approval
CROWN00000385,Queen Anne Boleyn,routine,request,(routine),No,,No,No,WorkOrder_rtn-00763.docx,Work Order — the New Year's gift roll
CROWN00000386,Queen Anne Boleyn,noise,spam_scam,(noise),No,,No,No,CONGRATULATIONS  You Have Won the Royal Spanish Lottery 5000.eml,"CONGRATULATIONS — You Have Won the Royal Spanish Lottery (500,000 Ducats)"
CROWN00000387,Thomas Cromwell,noise,spam_food,(noise),No,,No,No,NEW The Hampton Court Meat Feast Feeds a Whole Privy Council.eml,NEW: The Hampton Court Meat Feast (Feeds a Whole Privy Council)
CROWN00000388,Thomas Cromwell,noise,spam_food,(noise),No,,No,No,Hungry After the Hunt We Deliver to Every Palace.eml,Hungry After the Hunt? We Deliver to Every Palace
CROWN00000389,Queen Anne Boleyn,noise,spam_scam,(noise),No,,No,No,CONGRATULATIONS  You Have Won the Royal Spanish Lottery 5000.eml,"CONGRATULATIONS — You Have Won the Royal Spanish Lottery (500,000 Ducats)"
CROWN00000390,Queen Anne Boleyn,routine,request,(routine),No,Confidential,No,No,The purveyance of venison quarterly.eml,The purveyance of venison (quarterly)
CROWN00000391,Queen Anne Boleyn,noise,auto_reply,(noise),No,,No,No,Automatic reply The Wool Staple At Calais.eml,Automatic reply: The Wool Staple At Calais
CROWN00000392,Thomas Cromwell,noise,it_notice,(noise),No,,No,No,New Quill Procurement Policy  Effective Immediately.eml,New Quill Procurement Policy — Effective Immediately
CROWN00000393,Thomas Cromwell,noise,phishing,(noise),No,,No,No,URGENT Verify Thy Royal Account Within 24 Hours.eml,URGENT: Verify Thy Royal Account Within 24 Hours
CROWN00000394,King Henry VIII,narrative,great_matter,The Great Matter,No,Internal - Privy Council,No,No,Note on the legatine court records.eml,Note on the legatine court records
CROWN00000395,Queen Anne Boleyn,noise,it_notice,(noise),No,,No,No,Mailbox Quota Warning Thy Coffer is 90 Full.eml,Mailbox Quota Warning: Thy Coffer is 90% Full
CROWN00000396,King Henry VIII,narrative,great_matter,The Great Matter,No,,No,No,the universities verdicts further to our last.eml,the universities' verdicts (further to our last)
CROWN00000397,Queen Anne Boleyn,routine,logistics,(routine),No,,No,No,The progress to windsor castle.eml,The progress to windsor castle
CROWN00000398,Queen Anne Boleyn,noise,newsletter,(noise),No,,No,No,Jousting Monthly Lists Lances  League Tables.eml,"Jousting Monthly: Lists, Lances & League Tables"
CROWN00000399,King Henry VIII,narrative,great_matter,The Great Matter,No,,No,No,Re The legatine court at Blackfriars.eml,Re: The legatine court at Blackfriars
CROWN00000400,King Henry VIII,routine,report,(routine),No,,No,No,The garter ceremony arrangements.eml,The garter ceremony arrangements
CROWN00000401,Thomas Cromwell,routine,approval,(routine),No,,No,No,Re The garter ceremony arrangements.eml,Re: The garter ceremony arrangements
CROWN00000402,Queen Anne Boleyn,loose,xlsx,(loose),No,,No,No,Treasury_Ledger_1529_Lady Day_anne_boleyn082.xlsx,Treasury Ledger — Lady Day 1529
CROWN00000403,King Henry VIII,routine,request,(routine),No,Confidential,No,No,Note the victualling of the fleet.eml,Note: the victualling of the fleet
CROWN00000404,Thomas Cromwell,noise,calendar,(noise),No,,No,No,Invitation Attendance Requested at Tower Green 9 oclock.eml,"Invitation: Attendance Requested at Tower Green, 9 o'clock"
CROWN00000405,Thomas Cromwell,noise,phishing,(noise),No,,No,No,URGENT Verify Thy Royal Account Within 24 Hours.eml,URGENT: Verify Thy Royal Account Within 24 Hours
CROWN00000406,Thomas Cromwell,noise,it_notice,(noise),No,,No,No,Reminder Mandatory Doublet  Hose Compliance Training.eml,Reminder: Mandatory Doublet & Hose Compliance Training
CROWN00000407,King Henry VIII,routine,concern,(routine),No,,No,No,Note the purveyance of venison.eml,Note: the purveyance of venison
CROWN00000408,Queen Anne Boleyn,noise,spam_food,(noise),No,,No,No,Lenten Special  No Meat Much Cheese Still Glorious.eml,"Lenten Special — No Meat, Much Cheese, Still Glorious"
CROWN00000409,Queen Anne Boleyn,noise,spam_food,(noise),No,,No,No,Lenten Special  No Meat Much Cheese Still Glorious.eml,"Lenten Special — No Meat, Much Cheese, Still Glorious"
CROWN00000410,King Henry VIII,noise,calendar,(noise),No,,No,No,Invitation Coronation Banquet.eml,Invitation: Coronation Banquet
CROWN00000411,Queen Anne Boleyn,noise,spam_vendor,(noise),No,,No,No,New Leeches In Stock  Free Delivery on Tonics.eml,New Leeches In Stock + Free Delivery on Tonics
CROWN00000412,King Henry VIII,routine,concern,(routine),No,Confidential,No,No,The falconry mews  for approval.eml,The falconry mews — for approval
CROWN00000413,Thomas Cromwell,routine,logistics,(routine),No,,No,No,Note the purveyance of venison.eml,Note: the purveyance of venison
CROWN00000414,Thomas Cromwell,noise,phishing,(noise),No,,No,No,URGENT Verify Thy Royal Account Within 24 Hours.eml,URGENT: Verify Thy Royal Account Within 24 Hours
CROWN00000415,Queen Anne Boleyn,routine,report,(routine),No,,No,No,Re the repair of the great clock.eml,Re: the repair of the great clock
CROWN00000416,Thomas Cromwell,noise,it_notice,(noise),No,,No,No,Password Rotation Required Change Thy Cipher This Month.eml,Password Rotation Required: Change Thy Cipher This Month
CROWN00000417,King Henry VIII,noise,spam_vendor,(noise),No,,No,No,Tapestries Half Price  This Quarter Only.eml,Tapestries Half Price — This Quarter Only
CROWN00000418,King Henry VIII,narrative,great_matter,The Great Matter,No,,No,No,Minutes touching the Imperial ambassadors protests.eml,Minutes touching the Imperial ambassador's protests
CROWN00000419,King Henry VIII,narrative,great_matter,The Great Matter,No,,No,No,Re Minutes touching the Imperial ambassadors protests.eml,Re: Minutes touching the Imperial ambassador's protests
CROWN00000420,Thomas Cromwell,noise,spam_food,(noise),No,,No,No,Hungry After the Hunt We Deliver to Every Palace.eml,Hungry After the Hunt? We Deliver to Every Palace
CROWN00000421,Queen Anne Boleyn,routine,logistics,(routine),No,,No,No,The garter ceremony arrangements.eml,The garter ceremony arrangements
CROWN00000422,King Henry VIII,noise,newsletter,(noise),No,,No,No,Tudor Times Weekly  14 Feb 1530.eml,Tudor Times Weekly — 14 Feb 1530
CROWN00000423,King Henry VIII,noise,newsletter,(noise),No,,No,No,Tudor_Times_Weekly.pdf,Tudor Times Weekly — Full Issue
CROWN00000424,Thomas Cromwell,routine,report,(routine),No,,No,No,Re the victualling of the fleet.eml,Re: the victualling of the fleet
CROWN00000425,Thomas Cromwell,narrative,great_matter,The Great Matter,No,,No,No,the Imperial ambassadors protests an update.eml,the Imperial ambassador's protests: an update
CROWN00000426,Queen Anne Boleyn,noise,spam_food,(noise),No,,No,No,Two Trenchers for One  This Sennight Only at Ye Olde Pizza H.eml,Two Trenchers for One — This Sennight Only at Ye Olde Pizza Hut
CROWN00000427,Queen Anne Boleyn,routine,request,(routine),No,,No,No,The wardrobe accounts  for approval.eml,The wardrobe accounts — for approval
CROWN00000428,Thomas Cromwell,noise,newsletter,(noise),No,,No,No,Tudor Times Weekly  21 Feb 1530.eml,Tudor Times Weekly — 21 Feb 1530
CROWN00000429,Thomas Cromwell,noise,newsletter,(noise),No,,No,No,Tudor Times Weekly  05 Mar 1530.eml,Tudor Times Weekly — 05 Mar 1530
CROWN00000430,King Henry VIII,noise,spam_scam,(noise),No,,No,No,CONGRATULATIONS  You Have Won the Royal Spanish Lottery 5000.eml,"CONGRATULATIONS — You Have Won the Royal Spanish Lottery (500,000 Ducats)"
CROWN00000431,Queen Anne Boleyn,noise,it_notice,(noise),No,,No,No,Password Rotation Required Change Thy Cipher This Month.eml,Password Rotation Required: Change Thy Cipher This Month
CROWN00000432,King Henry VIII,noise,spam_food,(noise),No,,No,No,NEW The Hampton Court Meat Feast Feeds a Whole Privy Council.eml,NEW: The Hampton Court Meat Feast (Feeds a Whole Privy Council)
CROWN00000433,Thomas Cromwell,narrative,foreign_language,The Great Matter,No,Confidential,No,No,The citation from Rome in Latin.eml,The citation from Rome (in Latin)
CROWN00000434,Thomas Cromwell,narrative,foreign_language,The Great Matter,No,Confidential,No,No,Citatio_Apostolica.pdf,Citatio Apostolica
CROWN00000435,Queen Anne Boleyn,noise,auto_reply,(noise),No,,No,No,Automatic reply The Ordnance Accounts.eml,Automatic reply: The Ordnance Accounts
CROWN00000436,Queen Anne Boleyn,noise,spam_vendor,(noise),No,,No,No,New Leeches In Stock  Free Delivery on Tonics.eml,New Leeches In Stock + Free Delivery on Tonics
CROWN00000437,Queen Anne Boleyn,loose,docx,(loose),No,,No,No,Personal_Memorandum_anne_boleyn019.docx,Personal Memorandum
CROWN00000438,Queen Anne Boleyn,routine,report,(routine),No,,No,No,Re the New Years gift roll.eml,Re: the New Year's gift roll
CROWN00000439,Queen Anne Boleyn,noise,it_notice,(noise),No,,No,No,Password Rotation Required Change Thy Cipher This Month.eml,Password Rotation Required: Change Thy Cipher This Month
CROWN00000440,Thomas Cromwell,routine,report,(routine),No,,No,No,The tiltyard schedule.eml,The tiltyard schedule
CROWN00000441,Thomas Cromwell,routine,approval,(routine),No,,No,No,Re The tiltyard schedule.eml,Re: The tiltyard schedule
CROWN00000442,King Henry VIII,routine,report,(routine),No,,No,No,The subsidy assessment for surrey  for approval.eml,The subsidy assessment for surrey — for approval
CROWN00000443,Queen Anne Boleyn,routine,concern,(routine),No,,No,No,The falconry mews quarterly.eml,The falconry mews (quarterly)
CROWN00000444,Queen Anne Boleyn,routine,concern,(routine),No,,No,No,WorkOrder_rtn-00465.docx,Work Order — the falconry mews
CROWN00000445,Thomas Cromwell,loose,docx,(loose),No,Internal - Privy Council,No,No,Council_Notes_15300519_cromwell134.docx,Privy Council Notes — 19 May 1530
CROWN00000446,King Henry VIII,noise,newsletter,(noise),No,,No,No,Tudor Times Weekly  21 May 1530.eml,Tudor Times Weekly — 21 May 1530
CROWN00000447,Queen Anne Boleyn,noise,it_notice,(noise),No,,No,No,Mailbox Quota Warning Thy Coffer is 90 Full.eml,Mailbox Quota Warning: Thy Coffer is 90% Full
CROWN00000448,Thomas Cromwell,routine,report,(routine),No,,No,No,The embassy to france.eml,The embassy to france
CROWN00000449,Thomas Cromwell,routine,report,(routine),No,,No,No,Invoice_rtn-00807.xlsx,Account — the embassy to France
CROWN00000450,Queen Anne Boleyn,noise,newsletter,(noise),No,,No,No,Tudor Times Weekly  19 Jun 1530.eml,Tudor Times Weekly — 19 Jun 1530
CROWN00000451,Queen Anne Boleyn,noise,newsletter,(noise),No,,No,No,Tudor_Times_Weekly.pdf,Tudor Times Weekly — Full Issue
CROWN00000452,King Henry VIII,routine,request,(routine),No,,No,No,The repair of the great clock.eml,The repair of the great clock
CROWN00000453,King Henry VIII,routine,report,(routine),No,,No,No,Note the Garter ceremony arrangements.eml,Note: the Garter ceremony arrangements
CROWN00000454,King Henry VIII,routine,report,(routine),No,,No,No,Invoice_rtn-00661.xlsx,Account — the Garter ceremony arrangements
CROWN00000455,King Henry VIII,narrative,great_matter,The Great Matter,No,Confidential,No,No,A word about the Imperial ambassadors protests.eml,A word about the Imperial ambassador's protests
CROWN00000456,King Henry VIII,narrative,great_matter,The Great Matter,No,,No,No,Re A word about the Imperial ambassadors protests.eml,Re: A word about the Imperial ambassador's protests
CROWN00000457,Thomas Cromwell,noise,calendar,(noise),No,,No,No,Invitation Attendance Requested at Tower Green 9 oclock.eml,"Invitation: Attendance Requested at Tower Green, 9 o'clock"
CROWN00000458,King Henry VIII,routine,logistics,(routine),No,Confidential,No,No,The ordnance survey.eml,The ordnance survey
CROWN00000459,Queen Anne Boleyn,routine,logistics,(routine),No,,No,No,Note the purveyance of venison.eml,Note: the purveyance of venison
CROWN00000460,Queen Anne Boleyn,routine,approval,(routine),No,,No,No,Re Note the purveyance of venison.eml,Re: Note: the purveyance of venison
CROWN00000461,Queen Anne Boleyn,noise,calendar,(noise),No,,No,No,Invitation Coronation Banquet.eml,Invitation: Coronation Banquet
CROWN00000462,Queen Anne Boleyn,noise,calendar,(noise),No,,No,No,invite.ics,Invitation — Coronation Banquet
CROWN00000463,Queen Anne Boleyn,routine,approval,(routine),No,,No,No,The victualling of the fleet  for approval.eml,The victualling of the fleet — for approval
CROWN00000464,Queen Anne Boleyn,noise,calendar,(noise),No,,No,No,Invitation Christmas Revels.eml,Invitation: Christmas Revels
CROWN00000465,Queen Anne Boleyn,noise,calendar,(noise),No,,No,No,invite.ics,Invitation — Christmas Revels
CROWN00000466,Thomas Cromwell,noise,spam_vendor,(noise),No,,No,No,New Leeches In Stock  Free Delivery on Tonics.eml,New Leeches In Stock + Free Delivery on Tonics
CROWN00000467,Queen Anne Boleyn,routine,report,(routine),No,,No,No,Note the victualling of the fleet.eml,Note: the victualling of the fleet
CROWN00000468,Queen Anne Boleyn,routine,approval,(routine),No,,No,No,Note the kitchen accounts for the quarter.eml,Note: the kitchen accounts for the quarter
CROWN00000469,Queen Anne Boleyn,routine,approval,(routine),No,,No,No,Re Note the kitchen accounts for the quarter.eml,Re: Note: the kitchen accounts for the quarter
CROWN00000470,Thomas Cromwell,narrative,great_matter,The Great Matter,No,Internal - Privy Council,No,No,Query on the drafting of the Act of Appeals.eml,Query on the drafting of the Act of Appeals
CROWN00000471,Thomas Cromwell,narrative,great_matter,The Great Matter,No,,No,No,Re Query on the drafting of the Act of Appeals.eml,Re: Query on the drafting of the Act of Appeals
CROWN00000472,Queen Anne Boleyn,noise,newsletter,(noise),No,,No,No,Tudor Times Weekly  11 Sep 1530.eml,Tudor Times Weekly — 11 Sep 1530
CROWN00000473,King Henry VIII,noise,newsletter,(noise),No,,No,No,Tudor Times Weekly  14 Sep 1530.eml,Tudor Times Weekly — 14 Sep 1530
CROWN00000474,King Henry VIII,noise,newsletter,(noise),No,,No,No,Tudor_Times_Weekly.pdf,Tudor Times Weekly — Full Issue
CROWN00000475,King Henry VIII,noise,it_notice,(noise),No,,No,No,New Quill Procurement Policy  Effective Immediately.eml,New Quill Procurement Policy — Effective Immediately
CROWN00000476,King Henry VIII,noise,it_notice,(noise),No,,No,No,Quill_Procurement_Policy_Q-1536.docx,Quill Procurement Policy (Form Q-1536)
CROWN00000477,Thomas Cromwell,noise,phishing,(noise),No,,No,No,URGENT Verify Thy Royal Account Within 24 Hours.eml,URGENT: Verify Thy Royal Account Within 24 Hours
CROWN00000478,Thomas Cromwell,noise,spam_scam,(noise),No,,No,No,CONGRATULATIONS  You Have Won the Royal Spanish Lottery 5000.eml,"CONGRATULATIONS — You Have Won the Royal Spanish Lottery (500,000 Ducats)"
CROWN00000479,King Henry VIII,noise,phishing,(noise),No,,No,No,URGENT Verify Thy Royal Account Within 24 Hours.eml,URGENT: Verify Thy Royal Account Within 24 Hours
CROWN00000480,Queen Anne Boleyn,narrative,great_matter,The Great Matter,No,,No,No,the legatine court records further to our last.eml,the legatine court records (further to our last)
CROWN00000481,King Henry VIII,routine,concern,(routine),No,,No,No,Re the muster of able men in Sussex.eml,Re: the muster of able men in Sussex
CROWN00000482,Thomas Cromwell,routine,approval,(routine),No,,No,No,The wine shipment from gascony  for approval.eml,The wine shipment from gascony — for approval
CROWN00000483,Queen Anne Boleyn,noise,it_notice,(noise),No,,No,No,Reminder Mandatory Doublet  Hose Compliance Training.eml,Reminder: Mandatory Doublet & Hose Compliance Training
CROWN00000484,King Henry VIII,routine,approval,(routine),No,,No,No,Re the muster of able men in Sussex.eml,Re: the muster of able men in Sussex
CROWN00000485,King Henry VIII,noise,spam_food,(noise),No,,No,No,Two Trenchers for One  This Sennight Only at Ye Olde Pizza H.eml,Two Trenchers for One — This Sennight Only at Ye Olde Pizza Hut
CROWN00000486,King Henry VIII,routine,request,(routine),No,,No,No,Re the works at Nonsuch Palace.eml,Re: the works at Nonsuch Palace
CROWN00000487,Thomas Cromwell,noise,spam_scam,(noise),No,,No,No,CONGRATULATIONS  You Have Won the Royal Spanish Lottery 5000.eml,"CONGRATULATIONS — You Have Won the Royal Spanish Lottery (500,000 Ducats)"
CROWN00000488,Thomas Cromwell,noise,it_notice,(noise),No,,No,No,Password Rotation Required Change Thy Cipher This Month.eml,Password Rotation Required: Change Thy Cipher This Month
CROWN00000489,Queen Anne Boleyn,noise,newsletter,(noise),No,,No,No,Tudor Times Weekly  20 Nov 1530.eml,Tudor Times Weekly — 20 Nov 1530
CROWN00000490,Thomas Cromwell,routine,request,(routine),No,,No,No,The royal barge repairs quarterly.eml,The royal barge repairs (quarterly)
CROWN00000491,King Henry VIII,noise,it_notice,(noise),No,,No,No,Scheduled Maintenance The Royal Scriptorium Sunday 2am-6am.eml,"Scheduled Maintenance: The Royal Scriptorium (Sunday, 2am-6am)"
CROWN00000492,Thomas Cromwell,noise,spam_food,(noise),No,,No,No,Two Trenchers for One  This Sennight Only at Ye Olde Pizza H.eml,Two Trenchers for One — This Sennight Only at Ye Olde Pizza Hut
CROWN00000493,Queen Anne Boleyn,routine,concern,(routine),No,,No,No,The royal stables accounts quarterly.eml,The royal stables accounts (quarterly)
CROWN00000494,King Henry VIII,routine,request,(routine),No,,No,No,The subsidy assessment for kent  for approval.eml,The subsidy assessment for kent — for approval
CROWN00000495,Queen Anne Boleyn,noise,phishing,(noise),No,,No,No,URGENT Verify Thy Royal Account Within 24 Hours.eml,URGENT: Verify Thy Royal Account Within 24 Hours
CROWN00000496,Thomas Cromwell,loose,xlsx,(loose),No,Confidential,No,No,Inventory_JewelHouse_cromwell147.xlsx,Inventory of the Jewel House
CROWN00000497,King Henry VIII,routine,report,(routine),No,,No,No,The royal stables accounts quarterly.eml,The royal stables accounts (quarterly)
CROWN00000498,Thomas Cromwell,routine,request,(routine),No,,No,No,Re the Christmas revels.eml,Re: the Christmas revels
CROWN00000499,Thomas Cromwell,routine,approval,(routine),No,,No,No,Re the Christmas revels.eml,Re: the Christmas revels
CROWN00000500,Queen Anne Boleyn,noise,newsletter,(noise),No,,No,No,Tudor Times Weekly  05 Feb 1531.eml,Tudor Times Weekly — 05 Feb 1531
CROWN00000501,Thomas Cromwell,routine,logistics,(routine),No,,No,No,Re the subsidy assessment for Somerset.eml,Re: the subsidy assessment for Somerset
CROWN00000502,Thomas Cromwell,noise,it_notice,(noise),No,,No,No,New Quill Procurement Policy  Effective Immediately.eml,New Quill Procurement Policy — Effective Immediately
CROWN00000503,Thomas Cromwell,routine,report,(routine),No,,No,No,The progress to hampton court palace.eml,The progress to hampton court palace
CROWN00000504,Thomas Cromwell,routine,approval,(routine),No,,No,No,Re The progress to hampton court palace.eml,Re: The progress to hampton court palace
CROWN00000505,Thomas Cromwell,narrative,great_matter,The Great Matter,No,,No,No,the drafting of the Act of Appeals  action required.eml,the drafting of the Act of Appeals — action required
CROWN00000506,King Henry VIII,noise,calendar,(noise),No,,No,No,Invitation Grand Joust at the Shrovetide Lists.eml,Invitation: Grand Joust at the Shrovetide Lists
CROWN00000507,Queen Anne Boleyn,noise,auto_reply,(noise),No,,No,No,Automatic reply The Subsidy Roll.eml,Automatic reply: The Subsidy Roll
CROWN00000508,Thomas Cromwell,noise,phishing,(noise),No,,No,No,URGENT Verify Thy Royal Account Within 24 Hours.eml,URGENT: Verify Thy Royal Account Within 24 Hours
CROWN00000509,Thomas Cromwell,routine,logistics,(routine),No,,No,No,Re the wardrobe accounts.eml,Re: the wardrobe accounts
CROWN00000510,Thomas Cromwell,routine,approval,(routine),No,,No,No,Re the wardrobe accounts.eml,Re: the wardrobe accounts
CROWN00000511,Queen Anne Boleyn,noise,spam_food,(noise),No,,No,No,Hungry After the Hunt We Deliver to Every Palace.eml,Hungry After the Hunt? We Deliver to Every Palace
CROWN00000512,Queen Anne Boleyn,routine,logistics,(routine),No,,No,No,The subsidy assessment for sussex quarterly.eml,The subsidy assessment for sussex (quarterly)
CROWN00000513,King Henry VIII,routine,request,(routine),No,,No,No,Re the falconry mews.eml,Re: the falconry mews
CROWN00000514,King Henry VIII,routine,logistics,(routine),No,,No,No,Note the New Years gift roll.eml,Note: the New Year's gift roll
CROWN00000515,King Henry VIII,routine,logistics,(routine),No,,No,No,Invoice_rtn-00305.xlsx,Account — the New Year's gift roll
CROWN00000516,King Henry VIII,routine,approval,(routine),No,,No,No,The kitchen accounts for the quarter  for approval.eml,The kitchen accounts for the quarter — for approval
CROWN00000517,King Henry VIII,routine,approval,(routine),No,,No,No,Re The kitchen accounts for the quarter  for approval.eml,Re: The kitchen accounts for the quarter — for approval
CROWN00000518,Thomas Cromwell,routine,logistics,(routine),No,,No,No,Re the royal barge repairs.eml,Re: the royal barge repairs
CROWN00000519,Thomas Cromwell,noise,newsletter,(noise),No,,No,No,Tudor Times Weekly  23 Apr 1531.eml,Tudor Times Weekly — 23 Apr 1531
CROWN00000520,Queen Anne Boleyn,noise,spam_scam,(noise),No,,No,No,CONGRATULATIONS  You Have Won the Royal Spanish Lottery 5000.eml,"CONGRATULATIONS — You Have Won the Royal Spanish Lottery (500,000 Ducats)"
CROWN00000521,Thomas Cromwell,routine,request,(routine),No,,No,No,Re the tiltyard schedule.eml,Re: the tiltyard schedule
CROWN00000522,Thomas Cromwell,routine,concern,(routine),No,,No,No,The masque costumes  for approval.eml,The masque costumes — for approval
CROWN00000523,Thomas Cromwell,routine,concern,(routine),No,,No,No,Invoice_rtn-00610.xlsx,Account — the masque costumes
CROWN00000524,Thomas Cromwell,narrative,great_matter,The Great Matter,No,,No,No,the legatine court records further to our last.eml,the legatine court records (further to our last)
CROWN00000525,King Henry VIII,narrative,great_matter,The Great Matter,No,Confidential,No,No,Concerning the drafting of the Act of Appeals.eml,Concerning the drafting of the Act of Appeals
CROWN00000526,King Henry VIII,narrative,great_matter,The Great Matter,No,,No,No,Notes_great_matter_nar-00061.docx,Notes on the drafting of the Act of Appeals
CROWN00000527,King Henry VIII,routine,logistics,(routine),No,,No,No,The christmas revels.eml,The christmas revels
CROWN00000528,Queen Anne Boleyn,noise,spam_food,(noise),No,,No,No,Lenten Special  No Meat Much Cheese Still Glorious.eml,"Lenten Special — No Meat, Much Cheese, Still Glorious"
CROWN00000529,Queen Anne Boleyn,routine,logistics,(routine),No,,No,No,The royal stables accounts  for approval.eml,The royal stables accounts — for approval
CROWN00000530,Queen Anne Boleyn,routine,logistics,(routine),No,,No,No,Report_rtn-00686.pdf,Report — the royal stables accounts
CROWN00000531,King Henry VIII,routine,approval,(routine),No,,No,No,Re The christmas revels.eml,Re: The christmas revels
CROWN00000532,Queen Anne Boleyn,routine,approval,(routine),No,,No,No,Re The royal stables accounts  for approval.eml,Re: The royal stables accounts — for approval
CROWN00000533,King Henry VIII,noise,it_notice,(noise),No,,No,No,Password Rotation Required Change Thy Cipher This Month.eml,Password Rotation Required: Change Thy Cipher This Month
CROWN00000534,Queen Anne Boleyn,noise,auto_reply,(noise),No,,No,No,Automatic reply The Victualling Of The Fleet.eml,Automatic reply: The Victualling Of The Fleet
CROWN00000535,Thomas Cromwell,routine,request,(routine),No,Confidential,No,No,Re the masque costumes.eml,Re: the masque costumes
CROWN00000536,Thomas Cromwell,routine,request,(routine),No,,No,No,WorkOrder_rtn-00357.docx,Work Order — the masque costumes
CROWN00000537,King Henry VIII,routine,request,(routine),No,,No,No,Re the embassy to France.eml,Re: the embassy to France
CROWN00000538,King Henry VIII,loose,xlsx,(loose),No,Confidential,No,No,Inventory_JewelHouse_henry080.xlsx,Inventory of the Jewel House
CROWN00000539,Queen Anne Boleyn,routine,report,(routine),No,,No,No,The progress to greenwich palace  for approval.eml,The progress to greenwich palace — for approval
CROWN00000540,Queen Anne Boleyn,routine,report,(routine),No,,No,No,WorkOrder_rtn-00412.docx,Work Order — the progress to Greenwich Palace
CROWN00000541,Thomas Cromwell,noise,calendar,(noise),No,,No,No,Invitation Coronation Banquet.eml,Invitation: Coronation Banquet
CROWN00000542,Thomas Cromwell,routine,request,(routine),No,Confidential,No,No,The royal stables accounts  for approval.eml,The royal stables accounts — for approval
CROWN00000543,Thomas Cromwell,routine,approval,(routine),No,,No,No,Re The royal stables accounts  for approval.eml,Re: The royal stables accounts — for approval
CROWN00000544,Queen Anne Boleyn,routine,request,(routine),No,Confidential,No,No,The masque costumes quarterly.eml,The masque costumes (quarterly)
CROWN00000545,King Henry VIII,noise,auto_reply,(noise),No,,No,No,Automatic reply The Muster Of Able Men.eml,Automatic reply: The Muster Of Able Men
CROWN00000546,Thomas Cromwell,noise,auto_reply,(noise),No,,No,No,Automatic reply The Subsidy Roll.eml,Automatic reply: The Subsidy Roll
CROWN00000547,Queen Anne Boleyn,noise,spam_vendor,(noise),No,,No,No,Tapestries Half Price  This Quarter Only.eml,Tapestries Half Price — This Quarter Only
CROWN00000548,King Henry VIII,routine,logistics,(routine),No,Confidential,No,No,Note the wardrobe accounts.eml,Note: the wardrobe accounts
CROWN00000549,King Henry VIII,routine,approval,(routine),No,,No,No,Re Note the wardrobe accounts.eml,Re: Note: the wardrobe accounts
CROWN00000550,Thomas Cromwell,noise,calendar,(noise),No,,No,No,Invitation Diplomatic Reception for the French Embassy.eml,Invitation: Diplomatic Reception for the French Embassy
CROWN00000551,Thomas Cromwell,noise,calendar,(noise),No,,No,No,invite.ics,Invitation — Diplomatic Reception for the French Embassy
CROWN00000552,Thomas Cromwell,loose,docx,(loose),No,Internal - Privy Council,No,No,Draft_Proclamation_cromwell092.docx,Draft Proclamation touching the harvest levy
CROWN00000553,Queen Anne Boleyn,routine,report,(routine),No,,No,No,The embassy to france.eml,The embassy to france
CROWN00000554,Thomas Cromwell,routine,request,(routine),No,,No,No,The repair of the great clock  for approval.eml,The repair of the great clock — for approval
CROWN00000555,Thomas Cromwell,routine,approval,(routine),No,,No,No,Re The repair of the great clock  for approval.eml,Re: The repair of the great clock — for approval
CROWN00000556,Thomas Cromwell,noise,spam_scam,(noise),No,,No,No,CONGRATULATIONS  You Have Won the Royal Spanish Lottery 5000.eml,"CONGRATULATIONS — You Have Won the Royal Spanish Lottery (500,000 Ducats)"
CROWN00000557,King Henry VIII,routine,report,(routine),No,,No,No,Re the purveyance of venison.eml,Re: the purveyance of venison
CROWN00000558,King Henry VIII,routine,approval,(routine),No,,No,No,Re the purveyance of venison.eml,Re: the purveyance of venison
CROWN00000559,Queen Anne Boleyn,loose,docx,(loose),No,Internal - Privy Council,No,No,Council_Notes_15310911_anne_boleyn008.docx,Privy Council Notes — 11 September 1531
CROWN00000560,King Henry VIII,noise,spam_food,(noise),No,,No,No,Lenten Special  No Meat Much Cheese Still Glorious.eml,"Lenten Special — No Meat, Much Cheese, Still Glorious"
CROWN00000561,Thomas Cromwell,noise,newsletter,(noise),No,,No,No,Jousting Monthly Lists Lances  League Tables.eml,"Jousting Monthly: Lists, Lances & League Tables"
CROWN00000562,King Henry VIII,noise,it_notice,(noise),No,,No,No,Reminder Mandatory Doublet  Hose Compliance Training.eml,Reminder: Mandatory Doublet & Hose Compliance Training
CROWN00000563,Queen Anne Boleyn,routine,request,(routine),No,,No,No,Re the repair of the great clock.eml,Re: the repair of the great clock
CROWN00000564,King Henry VIII,routine,report,(routine),No,,No,No,The muster of able men in somerset.eml,The muster of able men in somerset
CROWN00000565,Queen Anne Boleyn,routine,report,(routine),No,,No,No,The purveyance of venison.eml,The purveyance of venison
CROWN00000566,Thomas Cromwell,noise,bounce,(noise),No,,No,No,Undeliverable The French Embassy.eml,Undeliverable: The French Embassy
CROWN00000567,King Henry VIII,routine,concern,(routine),No,,No,No,The purveyance of venison  for approval.eml,The purveyance of venison — for approval
CROWN00000568,King Henry VIII,routine,approval,(routine),No,,No,No,Re The purveyance of venison  for approval.eml,Re: The purveyance of venison — for approval
CROWN00000569,Thomas Cromwell,noise,calendar,(noise),No,,No,No,Invitation Diplomatic Reception for the French Embassy.eml,Invitation: Diplomatic Reception for the French Embassy
CROWN00000570,King Henry VIII,noise,auto_reply,(noise),No,,No,No,Automatic reply The Tiltyard Schedule.eml,Automatic reply: The Tiltyard Schedule
CROWN00000571,Queen Anne Boleyn,noise,it_notice,(noise),No,,No,No,New Quill Procurement Policy  Effective Immediately.eml,New Quill Procurement Policy — Effective Immediately
CROWN00000572,Queen Anne Boleyn,noise,it_notice,(noise),No,,No,No,Quill_Procurement_Policy_Q-1536.docx,Quill Procurement Policy (Form Q-1536)
CROWN00000573,Thomas Cromwell,noise,newsletter,(noise),No,,No,No,Jousting Monthly Lists Lances  League Tables.eml,"Jousting Monthly: Lists, Lances & League Tables"
CROWN00000574,King Henry VIII,noise,spam_vendor,(noise),No,,No,No,Tapestries Half Price  This Quarter Only.eml,Tapestries Half Price — This Quarter Only
CROWN00000575,Queen Anne Boleyn,routine,request,(routine),No,,No,No,The masque costumes quarterly.eml,The masque costumes (quarterly)
CROWN00000576,Queen Anne Boleyn,routine,request,(routine),No,,No,No,WorkOrder_rtn-00497.docx,Work Order — the masque costumes
CROWN00000577,Queen Anne Boleyn,routine,report,(routine),No,,No,No,Re the muster of able men in Essex.eml,Re: the muster of able men in Essex
CROWN00000578,Thomas Cromwell,noise,newsletter,(noise),No,,No,No,Tudor Times Weekly  24 Dec 1531.eml,Tudor Times Weekly — 24 Dec 1531
CROWN00000579,Thomas Cromwell,noise,newsletter,(noise),No,,No,No,Tudor_Times_Weekly.pdf,Tudor Times Weekly — Full Issue
CROWN00000580,King Henry VIII,noise,spam_food,(noise),No,,No,No,Lenten Special  No Meat Much Cheese Still Glorious.eml,"Lenten Special — No Meat, Much Cheese, Still Glorious"
CROWN00000581,Queen Anne Boleyn,noise,auto_reply,(noise),No,,No,No,Automatic reply The Harvest Levy.eml,Automatic reply: The Harvest Levy
CROWN00000582,Thomas Cromwell,noise,spam_food,(noise),No,,No,No,Two Trenchers for One  This Sennight Only at Ye Olde Pizza H.eml,Two Trenchers for One — This Sennight Only at Ye Olde Pizza Hut
CROWN00000583,King Henry VIII,noise,newsletter,(noise),No,,No,No,Jousting Monthly Lists Lances  League Tables.eml,"Jousting Monthly: Lists, Lances & League Tables"
CROWN00000584,Thomas Cromwell,narrative,great_matter,The Great Matter,Yes,Privileged - Attorney-Client,Yes,No,A way through  privileged advice enclosed.eml,A way through — privileged advice enclosed
CROWN00000585,Thomas Cromwell,narrative,great_matter,The Great Matter,Yes,Privileged - Attorney-Client,Yes,No,Opinion_on_Royal_Supremacy.pdf,Opinion on the Royal Supremacy
CROWN00000586,King Henry VIII,narrative,great_matter,The Great Matter,No,Privileged - Attorney-Client,Yes,No,Re A way through  privileged advice enclosed.eml,Re: A way through — privileged advice enclosed
CROWN00000587,King Henry VIII,narrative,great_matter,The Great Matter,No,Internal - Privy Council,No,No,Query on the Kings conscience.eml,Query on the King's conscience
CROWN00000588,King Henry VIII,noise,phishing,(noise),No,,No,No,URGENT Verify Thy Royal Account Within 24 Hours.eml,URGENT: Verify Thy Royal Account Within 24 Hours
CROWN00000589,Queen Anne Boleyn,routine,logistics,(routine),No,,No,No,Re the wine shipment from Gascony.eml,Re: the wine shipment from Gascony
CROWN00000590,Queen Anne Boleyn,noise,auto_reply,(noise),No,,No,No,Automatic reply The Victualling Of The Fleet.eml,Automatic reply: The Victualling Of The Fleet
CROWN00000591,Thomas Cromwell,noise,auto_reply,(noise),No,,No,No,Automatic reply The Muster Of Able Men.eml,Automatic reply: The Muster Of Able Men
CROWN00000592,Queen Anne Boleyn,routine,request,(routine),No,,No,No,The ordnance survey.eml,The ordnance survey
CROWN00000593,King Henry VIII,noise,phishing,(noise),No,,No,No,URGENT Verify Thy Royal Account Within 24 Hours.eml,URGENT: Verify Thy Royal Account Within 24 Hours
CROWN00000594,King Henry VIII,noise,newsletter,(noise),No,,No,No,Tudor Times Weekly  01 Feb 1532.eml,Tudor Times Weekly — 01 Feb 1532
CROWN00000595,King Henry VIII,noise,auto_reply,(noise),No,,No,No,Automatic reply The Victualling Of The Fleet.eml,Automatic reply: The Victualling Of The Fleet
CROWN00000596,King Henry VIII,routine,approval,(routine),No,,No,No,The purveyance of venison  for approval.eml,The purveyance of venison — for approval
CROWN00000597,Queen Anne Boleyn,noise,bounce,(noise),No,,No,No,Undeliverable The Christmas Revels.eml,Undeliverable: The Christmas Revels
CROWN00000598,Queen Anne Boleyn,loose,docx,(loose),No,,No,No,Draft_Proclamation_anne_boleyn036.docx,Draft Proclamation touching the Scottish border
CROWN00000599,King Henry VIII,routine,concern,(routine),No,,No,No,Note the muster of able men in Hampshire.eml,Note: the muster of able men in Hampshire
CROWN00000600,King Henry VIII,routine,concern,(routine),No,,No,No,WorkOrder_rtn-00846.docx,Work Order — the muster of able men in Hampshire
CROWN00000601,Queen Anne Boleyn,routine,request,(routine),No,,No,No,Re the embassy to France.eml,Re: the embassy to France
CROWN00000602,Queen Anne Boleyn,routine,request,(routine),No,,No,No,Report_rtn-00762.pdf,Report — the embassy to France
CROWN00000603,Thomas Cromwell,narrative,great_matter,The Great Matter,No,Internal - Privy Council,No,No,Concerning the Queens dower lands.eml,Concerning the Queen's dower lands
CROWN00000604,Thomas Cromwell,loose,xlsx,(loose),No,Confidential,No,No,Inventory_JewelHouse_cromwell023.xlsx,Inventory of the Jewel House
CROWN00000605,Thomas Cromwell,loose,png,(loose),No,,No,No,Plan_cromwell115.png,Plan of Hever Castle
CROWN00000606,Queen Anne Boleyn,noise,bounce,(noise),No,,No,No,Undeliverable The French Embassy.eml,Undeliverable: The French Embassy
CROWN00000607,King Henry VIII,routine,report,(routine),No,Confidential,No,No,Note the falconry mews.eml,Note: the falconry mews
CROWN00000608,Thomas Cromwell,routine,concern,(routine),No,,No,No,The royal stables accounts quarterly.eml,The royal stables accounts (quarterly)
CROWN00000609,King Henry VIII,noise,it_notice,(noise),No,,No,No,Password Rotation Required Change Thy Cipher This Month.eml,Password Rotation Required: Change Thy Cipher This Month
CROWN00000610,Thomas Cromwell,routine,concern,(routine),No,,No,No,Re the subsidy assessment for Hampshire.eml,Re: the subsidy assessment for Hampshire
CROWN00000611,King Henry VIII,routine,report,(routine),No,,No,No,The victualling of the fleet  for approval.eml,The victualling of the fleet — for approval
CROWN00000612,Queen Anne Boleyn,loose,docx,(loose),No,Internal - Privy Council,No,No,Draft_Proclamation_anne_boleyn045.docx,Draft Proclamation touching the Scottish border
CROWN00000613,King Henry VIII,routine,request,(routine),No,,No,No,The wardrobe accounts.eml,The wardrobe accounts
CROWN00000614,Queen Anne Boleyn,noise,spam_food,(noise),No,,No,No,Hungry After the Hunt We Deliver to Every Palace.eml,Hungry After the Hunt? We Deliver to Every Palace
CROWN00000615,Thomas Cromwell,routine,report,(routine),No,,No,No,The wine shipment from gascony quarterly.eml,The wine shipment from gascony (quarterly)
CROWN00000616,Queen Anne Boleyn,noise,spam_scam,(noise),No,,No,No,CONGRATULATIONS  You Have Won the Royal Spanish Lottery 5000.eml,"CONGRATULATIONS — You Have Won the Royal Spanish Lottery (500,000 Ducats)"
CROWN00000617,Thomas Cromwell,noise,it_notice,(noise),No,,No,No,New Quill Procurement Policy  Effective Immediately.eml,New Quill Procurement Policy — Effective Immediately
CROWN00000618,King Henry VIII,noise,it_notice,(noise),No,,No,No,Scheduled Maintenance The Royal Scriptorium Sunday 2am-6am.eml,"Scheduled Maintenance: The Royal Scriptorium (Sunday, 2am-6am)"
CROWN00000619,King Henry VIII,noise,newsletter,(noise),No,,No,No,Tudor Times Weekly  27 Apr 1532.eml,Tudor Times Weekly — 27 Apr 1532
CROWN00000620,King Henry VIII,noise,it_notice,(noise),No,,No,No,Password Rotation Required Change Thy Cipher This Month.eml,Password Rotation Required: Change Thy Cipher This Month
CROWN00000621,Thomas Cromwell,noise,phishing,(noise),No,,No,No,URGENT Verify Thy Royal Account Within 24 Hours.eml,URGENT: Verify Thy Royal Account Within 24 Hours
CROWN00000622,Thomas Cromwell,noise,it_notice,(noise),No,,No,No,Scheduled Maintenance The Royal Scriptorium Sunday 2am-6am.eml,"Scheduled Maintenance: The Royal Scriptorium (Sunday, 2am-6am)"
CROWN00000623,Thomas Cromwell,noise,newsletter,(noise),No,,No,No,Jousting Monthly Lists Lances  League Tables.eml,"Jousting Monthly: Lists, Lances & League Tables"
CROWN00000624,King Henry VIII,narrative,great_matter,The Great Matter,No,,No,No,A word about the appeal to Rome.eml,A word about the appeal to Rome
CROWN00000625,King Henry VIII,noise,newsletter,(noise),No,,No,No,Tudor Times Weekly  09 Jun 1532.eml,Tudor Times Weekly — 09 Jun 1532
CROWN00000626,King Henry VIII,loose,png,(loose),No,,No,No,Portrait_henry071.png,Portrait of an Ambassador
CROWN00000627,Queen Anne Boleyn,routine,logistics,(routine),No,,No,No,The tiltyard schedule  for approval.eml,The tiltyard schedule — for approval
CROWN00000628,Thomas Cromwell,noise,auto_reply,(noise),No,,No,No,Automatic reply The Subsidy Roll.eml,Automatic reply: The Subsidy Roll
CROWN00000629,Thomas Cromwell,noise,auto_reply,(noise),No,,No,No,Automatic reply The Progress Itinerary.eml,Automatic reply: The Progress Itinerary
CROWN00000630,Queen Anne Boleyn,routine,approval,(routine),No,,No,No,The muster of able men in sussex quarterly.eml,The muster of able men in sussex (quarterly)
CROWN00000631,King Henry VIII,noise,it_notice,(noise),No,,No,No,Password Rotation Required Change Thy Cipher This Month.eml,Password Rotation Required: Change Thy Cipher This Month
CROWN00000632,Queen Anne Boleyn,routine,report,(routine),No,,No,No,The victualling of the fleet  for approval.eml,The victualling of the fleet — for approval
CROWN00000633,Thomas Cromwell,noise,it_notice,(noise),No,,No,No,Reminder Mandatory Doublet  Hose Compliance Training.eml,Reminder: Mandatory Doublet & Hose Compliance Training
CROWN00000634,King Henry VIII,routine,concern,(routine),No,Confidential,No,No,Note the progress to Eltham Palace.eml,Note: the progress to Eltham Palace
CROWN00000635,King Henry VIII,routine,concern,(routine),No,,No,No,Note the ordnance survey.eml,Note: the ordnance survey
CROWN00000636,Queen Anne Boleyn,noise,phishing,(noise),No,,No,No,URGENT Verify Thy Royal Account Within 24 Hours.eml,URGENT: Verify Thy Royal Account Within 24 Hours
CROWN00000637,Thomas Cromwell,noise,newsletter,(noise),No,,No,No,Jousting Monthly Lists Lances  League Tables.eml,"Jousting Monthly: Lists, Lances & League Tables"
CROWN00000638,Queen Anne Boleyn,routine,report,(routine),No,,No,No,The garter ceremony arrangements.eml,The garter ceremony arrangements
CROWN00000639,King Henry VIII,routine,logistics,(routine),No,,No,No,Re the works at Richmond Palace.eml,Re: the works at Richmond Palace
CROWN00000640,King Henry VIII,routine,logistics,(routine),No,,No,No,Invoice_rtn-00625.xlsx,Account — the works at Richmond Palace
CROWN00000641,King Henry VIII,narrative,foreign_language,The Great Matter,No,,No,No,Compliments du Roi Trs-Chrtien.eml,Compliments du Roi Très-Chrétien
CROWN00000642,Queen Anne Boleyn,noise,it_notice,(noise),No,,No,No,Reminder Mandatory Doublet  Hose Compliance Training.eml,Reminder: Mandatory Doublet & Hose Compliance Training
CROWN00000643,King Henry VIII,noise,auto_reply,(noise),No,,No,No,Automatic reply Repairs To The Royal Barge.eml,Automatic reply: Repairs To The Royal Barge
CROWN00000644,Queen Anne Boleyn,noise,auto_reply,(noise),No,,No,No,Automatic reply The Wool Staple At Calais.eml,Automatic reply: The Wool Staple At Calais
CROWN00000645,Queen Anne Boleyn,loose,xlsx,(loose),No,Confidential,No,No,Inventory_JewelHouse_anne_boleyn078.xlsx,Inventory of the Jewel House
CROWN00000646,Thomas Cromwell,loose,txt,(loose),No,,No,No,Reading_List_cromwell146.txt,Reading List
CROWN00000647,Thomas Cromwell,noise,auto_reply,(noise),No,,No,No,Automatic reply The New Coinage.eml,Automatic reply: The New Coinage
CROWN00000648,Queen Anne Boleyn,loose,xlsx,(loose),No,Confidential,No,No,Inventory_JewelHouse_anne_boleyn055.xlsx,Inventory of the Jewel House
CROWN00000649,King Henry VIII,loose,pdf,(loose),No,,No,No,Survey_henry049.pdf,Survey of Windsor Castle
CROWN00000650,Queen Anne Boleyn,noise,auto_reply,(noise),No,,No,No,Automatic reply The Muster Of Able Men.eml,Automatic reply: The Muster Of Able Men
CROWN00000651,Thomas Cromwell,noise,calendar,(noise),No,,No,No,Invitation Grand Joust at the Shrovetide Lists.eml,Invitation: Grand Joust at the Shrovetide Lists
CROWN00000652,Thomas Cromwell,noise,calendar,(noise),No,,No,No,invite.ics,Invitation — Grand Joust at the Shrovetide Lists
CROWN00000653,Thomas Cromwell,noise,phishing,(noise),No,,No,No,URGENT Verify Thy Royal Account Within 24 Hours.eml,URGENT: Verify Thy Royal Account Within 24 Hours
CROWN00000654,King Henry VIII,routine,report,(routine),No,,No,No,Re the progress to Hever Castle.eml,Re: the progress to Hever Castle
CROWN00000655,King Henry VIII,noise,spam_vendor,(noise),No,,No,No,Tapestries Half Price  This Quarter Only.eml,Tapestries Half Price — This Quarter Only
CROWN00000656,Thomas Cromwell,noise,it_notice,(noise),No,,No,No,Password Rotation Required Change Thy Cipher This Month.eml,Password Rotation Required: Change Thy Cipher This Month
CROWN00000657,Queen Anne Boleyn,noise,bounce,(noise),No,,No,No,Undeliverable The Christmas Revels.eml,Undeliverable: The Christmas Revels
CROWN00000658,Queen Anne Boleyn,noise,bounce,(noise),No,,No,No,Undeliverable The Muster Of Able Men.eml,Undeliverable: The Muster Of Able Men
CROWN00000659,King Henry VIII,loose,docx,(loose),No,Internal - Privy Council,No,No,Draft_Proclamation_henry063.docx,Draft Proclamation touching the Christmas revels
CROWN00000660,Queen Anne Boleyn,routine,logistics,(routine),No,Confidential,No,No,The progress to hampton court palace  for approval.eml,The progress to hampton court palace — for approval
CROWN00000661,Queen Anne Boleyn,routine,approval,(routine),No,,No,No,Re The progress to hampton court palace  for approval.eml,Re: The progress to hampton court palace — for approval
CROWN00000662,Thomas Cromwell,noise,spam_food,(noise),No,,No,No,Lenten Special  No Meat Much Cheese Still Glorious.eml,"Lenten Special — No Meat, Much Cheese, Still Glorious"
CROWN00000663,Queen Anne Boleyn,routine,request,(routine),No,,No,No,Note the kitchen accounts for the quarter.eml,Note: the kitchen accounts for the quarter
CROWN00000664,Queen Anne Boleyn,routine,request,(routine),No,,No,No,Invoice_rtn-00508.xlsx,Account — the kitchen accounts for the quarter
CROWN00000665,King Henry VIII,routine,request,(routine),No,,No,No,Re the purveyance of venison.eml,Re: the purveyance of venison
CROWN00000666,Queen Anne Boleyn,routine,approval,(routine),No,,No,No,Re Note the kitchen accounts for the quarter.eml,Re: Note: the kitchen accounts for the quarter
CROWN00000667,Thomas Cromwell,noise,it_notice,(noise),No,,No,No,New Quill Procurement Policy  Effective Immediately.eml,New Quill Procurement Policy — Effective Immediately
CROWN00000668,Thomas Cromwell,noise,it_notice,(noise),No,,No,No,Quill_Procurement_Policy_Q-1536.docx,Quill Procurement Policy (Form Q-1536)
CROWN00000669,Queen Anne Boleyn,noise,newsletter,(noise),No,,No,No,Jousting Monthly Lists Lances  League Tables.eml,"Jousting Monthly: Lists, Lances & League Tables"
CROWN00000670,Queen Anne Boleyn,routine,concern,(routine),No,,No,No,Note the wine shipment from Gascony.eml,Note: the wine shipment from Gascony
CROWN00000671,King Henry VIII,loose,txt,(loose),No,,No,No,Hunting_Log_henry069.txt,Hunting Log
CROWN00000672,Queen Anne Boleyn,loose,png,(loose),No,,No,No,Portrait_anne_boleyn044.png,Portrait of a Court Musician
CROWN00000673,Thomas Cromwell,loose,docx,(loose),No,,No,No,Personal_Memorandum_cromwell050.docx,Personal Memorandum
CROWN00000674,Queen Anne Boleyn,loose,txt,(loose),No,,No,No,Reading_List_anne_boleyn090.txt,Reading List
CROWN00000675,Queen Anne Boleyn,loose,png,(loose),No,,No,No,Portrait_anne_boleyn044_rev2.png,Portrait of a Court Musician (rev. 2)
CROWN00000676,King Henry VIII,noise,spam_food,(noise),No,,No,No,Lenten Special  No Meat Much Cheese Still Glorious.eml,"Lenten Special — No Meat, Much Cheese, Still Glorious"
CROWN00000677,Queen Anne Boleyn,routine,report,(routine),No,,No,No,The repair of the great clock.eml,The repair of the great clock
CROWN00000678,King Henry VIII,narrative,great_matter,The Great Matter,No,,No,No,the Kings conscience further to our last.eml,the King's conscience (further to our last)
CROWN00000679,King Henry VIII,noise,it_notice,(noise),No,,No,No,Scheduled Maintenance The Royal Scriptorium Sunday 2am-6am.eml,"Scheduled Maintenance: The Royal Scriptorium (Sunday, 2am-6am)"
CROWN00000680,Queen Anne Boleyn,noise,phishing,(noise),No,,No,No,URGENT Verify Thy Royal Account Within 24 Hours.eml,URGENT: Verify Thy Royal Account Within 24 Hours
CROWN00000681,Thomas Cromwell,noise,newsletter,(noise),No,,No,No,Jousting Monthly Lists Lances  League Tables.eml,"Jousting Monthly: Lists, Lances & League Tables"
CROWN00000682,King Henry VIII,noise,bounce,(noise),No,,No,No,Undeliverable The French Embassy.eml,Undeliverable: The French Embassy
CROWN00000683,King Henry VIII,noise,spam_vendor,(noise),No,,No,No,New Leeches In Stock  Free Delivery on Tonics.eml,New Leeches In Stock + Free Delivery on Tonics
CROWN00000684,Thomas Cromwell,narrative,great_matter,The Great Matter,No,,No,No,the drafting of the Act of Appeals an update.eml,the drafting of the Act of Appeals: an update
CROWN00000685,Archbishop Thomas Cranmer,noise,phishing,(noise),No,,No,No,URGENT Verify Thy Royal Account Within 24 Hours.eml,URGENT: Verify Thy Royal Account Within 24 Hours
CROWN00000686,Thomas Cromwell,noise,spam_food,(noise),No,,No,No,NEW The Hampton Court Meat Feast Feeds a Whole Privy Council.eml,NEW: The Hampton Court Meat Feast (Feeds a Whole Privy Council)
CROWN00000687,Thomas Cromwell,routine,approval,(routine),No,,No,No,The tiltyard schedule quarterly.eml,The tiltyard schedule (quarterly)
CROWN00000688,King Henry VIII,noise,calendar,(noise),No,,No,No,Invitation Attendance Requested at Tower Green 9 oclock.eml,"Invitation: Attendance Requested at Tower Green, 9 o'clock"
CROWN00000689,King Henry VIII,noise,calendar,(noise),No,,No,No,invite.ics,"Invitation — Attendance Requested at Tower Green, 9 o'clock"
CROWN00000690,Thomas Cromwell,routine,approval,(routine),No,,No,No,Re The tiltyard schedule quarterly.eml,Re: The tiltyard schedule (quarterly)
CROWN00000691,Thomas Cromwell,narrative,great_matter,The Great Matter,No,Confidential,No,No,the Queens dower lands  action required.eml,the Queen's dower lands — action required
CROWN00000692,Thomas Cromwell,narrative,great_matter,The Great Matter,No,,No,No,Notes_great_matter_nar-00068.docx,Notes on the Queen's dower lands
CROWN00000693,Thomas Cromwell,noise,spam_vendor,(noise),No,,No,No,Tapestries Half Price  This Quarter Only.eml,Tapestries Half Price — This Quarter Only
CROWN00000694,Thomas Cromwell,noise,newsletter,(noise),No,,No,No,Tudor Times Weekly  21 Apr 1533.eml,Tudor Times Weekly — 21 Apr 1533
CROWN00000695,King Henry VIII,noise,bounce,(noise),No,,No,No,Undeliverable The Tiltyard Schedule.eml,Undeliverable: The Tiltyard Schedule
CROWN00000696,Archbishop Thomas Cranmer,noise,spam_food,(noise),No,,No,No,Two Trenchers for One  This Sennight Only at Ye Olde Pizza H.eml,Two Trenchers for One — This Sennight Only at Ye Olde Pizza Hut
CROWN00000697,King Henry VIII,narrative,great_matter,The Great Matter,No,,No,No,Note on the legatine court records.eml,Note on the legatine court records
CROWN00000698,King Henry VIII,narrative,great_matter,The Great Matter,No,,No,No,Re Note on the legatine court records.eml,Re: Note on the legatine court records
CROWN00000699,Queen Anne Boleyn,noise,spam_food,(noise),No,,No,No,NEW The Hampton Court Meat Feast Feeds a Whole Privy Council.eml,NEW: The Hampton Court Meat Feast (Feeds a Whole Privy Council)
CROWN00000700,Archbishop Thomas Cranmer,narrative,great_matter,The Great Matter,No,Confidential,No,No,The cause is determined.eml,The cause is determined
CROWN00000701,Archbishop Thomas Cranmer,narrative,great_matter,The Great Matter,No,Confidential,No,No,Decree_of_Annulment_1533.docx,Sentence of Annulment of the Marriage of the King and the Lady Catherine
CROWN00000702,Queen Anne Boleyn,noise,it_notice,(noise),No,,No,No,New Quill Procurement Policy  Effective Immediately.eml,New Quill Procurement Policy — Effective Immediately
CROWN00000703,Queen Anne Boleyn,noise,it_notice,(noise),No,,No,No,Quill_Procurement_Policy_Q-1536.docx,Quill Procurement Policy (Form Q-1536)
CROWN00000704,King Henry VIII,noise,it_notice,(noise),No,,No,No,New Quill Procurement Policy  Effective Immediately.eml,New Quill Procurement Policy — Effective Immediately
CROWN00000705,Archbishop Thomas Cranmer,routine,approval,(routine),No,,No,No,The purveyance of venison quarterly.eml,The purveyance of venison (quarterly)
CROWN00000706,King Henry VIII,narrative,great_matter,The Great Matter,No,,No,No,Proclamation  Queen Anne.eml,Proclamation — Queen Anne
CROWN00000707,Thomas Cromwell,routine,report,(routine),No,,No,No,Re the Garter ceremony arrangements.eml,Re: the Garter ceremony arrangements
CROWN00000708,King Henry VIII,loose,binary,(chat),No,,No,No,CHT-0003.rsmf,Texts with Suffolk
CROWN00000709,King Henry VIII,routine,concern,(routine),No,,No,No,Note the muster of able men in Devon.eml,Note: the muster of able men in Devon
CROWN00000710,King Henry VIII,routine,approval,(routine),No,,No,No,Re the wardrobe accounts.eml,Re: the wardrobe accounts
CROWN00000711,King Henry VIII,noise,spam_food,(noise),No,,No,No,NEW The Hampton Court Meat Feast Feeds a Whole Privy Council.eml,NEW: The Hampton Court Meat Feast (Feeds a Whole Privy Council)
CROWN00000712,King Henry VIII,routine,report,(routine),No,,No,No,The garter ceremony arrangements.eml,The garter ceremony arrangements
CROWN00000713,Thomas Cromwell,routine,logistics,(routine),No,,No,No,Note the progress to Richmond Palace.eml,Note: the progress to Richmond Palace
CROWN00000714,King Henry VIII,routine,approval,(routine),No,,No,No,Re The garter ceremony arrangements.eml,Re: The garter ceremony arrangements
CROWN00000715,Queen Anne Boleyn,noise,calendar,(noise),No,,No,No,Invitation Coronation Banquet.eml,Invitation: Coronation Banquet
CROWN00000716,Queen Anne Boleyn,narrative,anne_boleyn,Anne Boleyn,No,,No,No,Query on the Queens household expenses.eml,Query on the Queen's household expenses
CROWN00000717,King Henry VIII,routine,request,(routine),No,Confidential,No,No,Note the kitchen accounts for the quarter.eml,Note: the kitchen accounts for the quarter
CROWN00000718,Archbishop Thomas Cranmer,routine,report,(routine),No,,No,No,Note the victualling of the fleet.eml,Note: the victualling of the fleet
CROWN00000719,Thomas Cromwell,narrative,anne_boleyn,Anne Boleyn,No,Confidential,No,No,the peers summons to the Tower  action required.eml,the peers' summons to the Tower — action required
CROWN00000720,Thomas Cromwell,noise,spam_food,(noise),No,,No,No,Hungry After the Hunt We Deliver to Every Palace.eml,Hungry After the Hunt? We Deliver to Every Palace
CROWN00000721,Archbishop Thomas Cranmer,routine,report,(routine),No,,No,No,Re the tiltyard schedule.eml,Re: the tiltyard schedule
CROWN00000722,Thomas Cromwell,noise,auto_reply,(noise),No,,No,No,Automatic reply The Muster Of Able Men.eml,Automatic reply: The Muster Of Able Men
CROWN00000723,Thomas Cromwell,routine,concern,(routine),No,,No,No,The falconry mews  for approval.eml,The falconry mews — for approval
CROWN00000724,Thomas Cromwell,routine,approval,(routine),No,,No,No,Re The falconry mews  for approval.eml,Re: The falconry mews — for approval
CROWN00000725,Archbishop Thomas Cranmer,noise,calendar,(noise),No,,No,No,Invitation Garter Ceremony.eml,Invitation: Garter Ceremony
CROWN00000726,Queen Anne Boleyn,routine,approval,(routine),No,,No,No,The falconry mews.eml,The falconry mews
CROWN00000727,Queen Anne Boleyn,noise,auto_reply,(noise),No,,No,No,Automatic reply The Progress Itinerary.eml,Automatic reply: The Progress Itinerary
CROWN00000728,Queen Anne Boleyn,loose,docx,(loose),No,Internal - Privy Council,No,No,Council_Notes_15330907_anne_boleyn148.docx,Privy Council Notes — 07 September 1533
CROWN00000729,Queen Anne Boleyn,narrative,anne_boleyn,Anne Boleyn,No,,No,No,Our daughter.eml,Our daughter
CROWN00000730,Queen Anne Boleyn,narrative,anne_boleyn,Anne Boleyn,No,,No,No,Birth_Announcement_Princess_Elizabeth.pdf,Announcement of the Birth of the Princess Elizabeth
CROWN00000731,King Henry VIII,narrative,anne_boleyn,Anne Boleyn,No,,No,Yes,Our daughter.eml,Our daughter
CROWN00000732,King Henry VIII,narrative,anne_boleyn,Anne Boleyn,No,,No,Yes,Birth_Announcement_Princess_Elizabeth.pdf,Announcement of the Birth of the Princess Elizabeth
CROWN00000733,King Henry VIII,narrative,anne_boleyn,Anne Boleyn,No,,No,No,Re Our daughter.eml,Re: Our daughter
CROWN00000734,Queen Anne Boleyn,loose,docx,(loose),No,Internal - Privy Council,No,No,Council_Notes_15330907_anne_boleyn148_rev2.docx,Privy Council Notes — 07 September 1533 (rev. 2)
CROWN00000735,Thomas Cromwell,loose,xlsx,(loose),No,Confidential,No,No,Inventory_JewelHouse_cromwell003.xlsx,Inventory of the Jewel House
CROWN00000736,King Henry VIII,noise,calendar,(noise),No,,No,No,Invitation Grand Joust at the Shrovetide Lists.eml,Invitation: Grand Joust at the Shrovetide Lists
CROWN00000737,Thomas Cromwell,routine,logistics,(routine),No,,No,No,Note the masque costumes.eml,Note: the masque costumes
CROWN00000738,Thomas Cromwell,routine,logistics,(routine),No,,No,No,WorkOrder_rtn-00494.docx,Work Order — the masque costumes
CROWN00000739,Thomas Cromwell,routine,approval,(routine),No,,No,No,Re Note the masque costumes.eml,Re: Note: the masque costumes
CROWN00000740,Archbishop Thomas Cranmer,narrative,anne_boleyn,Anne Boleyn,No,,No,No,Note on the succession oath.eml,Note on the succession oath
CROWN00000741,Thomas Cromwell,routine,request,(routine),No,,No,No,The muster of able men in sussex  for approval.eml,The muster of able men in sussex — for approval
CROWN00000742,Archbishop Thomas Cranmer,routine,logistics,(routine),No,Confidential,No,No,The kitchen accounts for the quarter.eml,The kitchen accounts for the quarter
CROWN00000743,Archbishop Thomas Cranmer,narrative,anne_boleyn,Anne Boleyn,No,,No,No,Concerning the Queens apartments at Greenwich.eml,Concerning the Queen's apartments at Greenwich
CROWN00000744,Queen Anne Boleyn,routine,concern,(routine),No,Confidential,No,No,The masque costumes quarterly.eml,The masque costumes (quarterly)
CROWN00000745,Queen Anne Boleyn,noise,it_notice,(noise),No,,No,No,Reminder Mandatory Doublet  Hose Compliance Training.eml,Reminder: Mandatory Doublet & Hose Compliance Training
CROWN00000746,Thomas Cromwell,routine,concern,(routine),No,Confidential,No,No,Note the tiltyard schedule.eml,Note: the tiltyard schedule
CROWN00000747,Thomas Cromwell,routine,request,(routine),No,,No,No,The new years gift roll  for approval.eml,The new year's gift roll — for approval
CROWN00000748,Thomas Cromwell,routine,request,(routine),No,,No,No,Invoice_rtn-00364.xlsx,Account — the New Year's gift roll
CROWN00000749,Thomas Cromwell,routine,approval,(routine),No,,No,No,Re The new years gift roll  for approval.eml,Re: The new year's gift roll — for approval
CROWN00000750,Queen Anne Boleyn,routine,concern,(routine),No,,No,No,Re the muster of able men in Sussex.eml,Re: the muster of able men in Sussex
CROWN00000751,Thomas Cromwell,noise,calendar,(noise),No,,No,No,Invitation Grand Joust at the Shrovetide Lists.eml,Invitation: Grand Joust at the Shrovetide Lists
CROWN00000752,Archbishop Thomas Cranmer,loose,xlsx,(loose),No,,No,No,Treasury_Ledger_1533_Midsummer_cranmer002.xlsx,Treasury Ledger — Midsummer 1533
CROWN00000753,Thomas Cromwell,routine,request,(routine),No,,No,No,The tiltyard schedule.eml,The tiltyard schedule
CROWN00000754,Thomas Cromwell,routine,request,(routine),No,,No,No,WorkOrder_rtn-00375.docx,Work Order — the tiltyard schedule
CROWN00000755,Archbishop Thomas Cranmer,noise,calendar,(noise),No,,No,No,Invitation Coronation Banquet.eml,Invitation: Coronation Banquet
CROWN00000756,Archbishop Thomas Cranmer,noise,calendar,(noise),No,,No,No,invite.ics,Invitation — Coronation Banquet
CROWN00000757,King Henry VIII,noise,newsletter,(noise),No,,No,No,Tudor Times Weekly  24 Nov 1533.eml,Tudor Times Weekly — 24 Nov 1533
CROWN00000758,King Henry VIII,routine,request,(routine),No,Confidential,No,No,The ordnance survey.eml,The ordnance survey
CROWN00000759,Thomas Cromwell,noise,it_notice,(noise),No,,No,No,Scheduled Maintenance The Royal Scriptorium Sunday 2am-6am.eml,"Scheduled Maintenance: The Royal Scriptorium (Sunday, 2am-6am)"
CROWN00000760,Thomas Cromwell,narrative,anne_boleyn,Anne Boleyn,No,,No,No,Concerning the peers summons to the Tower.eml,Concerning the peers' summons to the Tower
CROWN00000761,Thomas Cromwell,noise,it_notice,(noise),No,,No,No,Scheduled Maintenance The Royal Scriptorium Sunday 2am-6am.eml,"Scheduled Maintenance: The Royal Scriptorium (Sunday, 2am-6am)"
CROWN00000762,Queen Anne Boleyn,noise,spam_vendor,(noise),No,,No,No,Tapestries Half Price  This Quarter Only.eml,Tapestries Half Price — This Quarter Only
CROWN00000763,Thomas Cromwell,narrative,anne_boleyn,Anne Boleyn,No,,No,No,Re Concerning the peers summons to the Tower.eml,Re: Concerning the peers' summons to the Tower
CROWN00000764,King Henry VIII,routine,logistics,(routine),No,,No,No,The embassy to france quarterly.eml,The embassy to france (quarterly)
CROWN00000765,Archbishop Thomas Cranmer,routine,approval,(routine),No,,No,No,Note the kitchen accounts for the quarter.eml,Note: the kitchen accounts for the quarter
CROWN00000766,Thomas Cromwell,noise,calendar,(noise),No,,No,No,Invitation Privy Council  Weekly Sitting.eml,Invitation: Privy Council — Weekly Sitting
CROWN00000767,King Henry VIII,routine,approval,(routine),No,,No,No,Re The embassy to france quarterly.eml,Re: The embassy to france (quarterly)
CROWN00000768,Queen Anne Boleyn,noise,calendar,(noise),No,,No,No,Invitation Attendance Requested at Tower Green 9 oclock.eml,"Invitation: Attendance Requested at Tower Green, 9 o'clock"
CROWN00000769,Thomas Cromwell,routine,approval,(routine),No,,No,No,The victualling of the fleet quarterly.eml,The victualling of the fleet (quarterly)
CROWN00000770,Archbishop Thomas Cranmer,routine,report,(routine),No,,No,No,The garter ceremony arrangements.eml,The garter ceremony arrangements
CROWN00000771,King Henry VIII,noise,phishing,(noise),No,,No,No,URGENT Verify Thy Royal Account Within 24 Hours.eml,URGENT: Verify Thy Royal Account Within 24 Hours
CROWN00000772,King Henry VIII,narrative,anne_boleyn,Anne Boleyn,No,Internal - Privy Council,No,No,Concerning the New Years gifts.eml,Concerning the New Year's gifts
CROWN00000773,Archbishop Thomas Cranmer,noise,bounce,(noise),No,,No,No,Undeliverable The New Coinage.eml,Undeliverable: The New Coinage
CROWN00000774,King Henry VIII,noise,auto_reply,(noise),No,,No,No,Automatic reply The Scottish Border.eml,Automatic reply: The Scottish Border
CROWN00000775,King Henry VIII,noise,it_notice,(noise),No,,No,No,New Quill Procurement Policy  Effective Immediately.eml,New Quill Procurement Policy — Effective Immediately
CROWN00000776,King Henry VIII,noise,it_notice,(noise),No,,No,No,Quill_Procurement_Policy_Q-1536.docx,Quill Procurement Policy (Form Q-1536)
CROWN00000777,King Henry VIII,narrative,anne_boleyn,Anne Boleyn,No,Confidential,No,No,the Queens household expenses  for your consideration.eml,the Queen's household expenses — for your consideration
CROWN00000778,King Henry VIII,narrative,anne_boleyn,Anne Boleyn,No,,No,No,Schedule_anne_boleyn_nar-00129.xlsx,Schedule — the Queen's household expenses
CROWN00000779,Archbishop Thomas Cranmer,routine,request,(routine),No,,No,No,The tiltyard schedule.eml,The tiltyard schedule
CROWN00000780,Archbishop Thomas Cranmer,noise,it_notice,(noise),No,,No,No,Password Rotation Required Change Thy Cipher This Month.eml,Password Rotation Required: Change Thy Cipher This Month
CROWN00000781,Queen Anne Boleyn,loose,xlsx,(loose),No,Confidential,No,No,Treasury_Ledger_1534_Midsummer_anne_boleyn057.xlsx,Treasury Ledger — Midsummer 1534
CROWN00000782,Thomas Cromwell,noise,spam_food,(noise),No,,No,No,NEW The Hampton Court Meat Feast Feeds a Whole Privy Council.eml,NEW: The Hampton Court Meat Feast (Feeds a Whole Privy Council)
CROWN00000783,King Henry VIII,routine,concern,(routine),No,Confidential,No,No,The royal stables accounts.eml,The royal stables accounts
CROWN00000784,King Henry VIII,routine,approval,(routine),No,,No,No,Re The royal stables accounts.eml,Re: The royal stables accounts
CROWN00000785,Queen Anne Boleyn,routine,report,(routine),No,Confidential,No,No,The garter ceremony arrangements.eml,The garter ceremony arrangements
CROWN00000786,Thomas Cromwell,noise,calendar,(noise),No,,No,No,Invitation Grand Joust at the Shrovetide Lists.eml,Invitation: Grand Joust at the Shrovetide Lists
CROWN00000787,Queen Anne Boleyn,routine,concern,(routine),No,,No,No,The progress to eltham palace  for approval.eml,The progress to eltham palace — for approval
CROWN00000788,Archbishop Thomas Cranmer,noise,auto_reply,(noise),No,,No,No,Automatic reply The New Coinage.eml,Automatic reply: The New Coinage
CROWN00000789,Archbishop Thomas Cranmer,routine,concern,(routine),No,Confidential,No,No,Re the subsidy assessment for Hampshire.eml,Re: the subsidy assessment for Hampshire
CROWN00000790,Archbishop Thomas Cranmer,noise,bounce,(noise),No,,No,No,Undeliverable The Tiltyard Schedule.eml,Undeliverable: The Tiltyard Schedule
CROWN00000791,Thomas Cromwell,noise,it_notice,(noise),No,,No,No,Password Rotation Required Change Thy Cipher This Month.eml,Password Rotation Required: Change Thy Cipher This Month
CROWN00000792,Thomas Cromwell,routine,request,(routine),No,,No,No,Note the works at Richmond Palace.eml,Note: the works at Richmond Palace
CROWN00000793,Queen Anne Boleyn,noise,calendar,(noise),No,,No,No,Invitation Grand Joust at the Shrovetide Lists.eml,Invitation: Grand Joust at the Shrovetide Lists
CROWN00000794,Thomas Cromwell,noise,it_notice,(noise),No,,No,No,Scheduled Maintenance The Royal Scriptorium Sunday 2am-6am.eml,"Scheduled Maintenance: The Royal Scriptorium (Sunday, 2am-6am)"
CROWN00000795,Thomas Cromwell,noise,bounce,(noise),No,,No,No,Undeliverable The Tiltyard Schedule.eml,Undeliverable: The Tiltyard Schedule
CROWN00000796,Thomas Cromwell,noise,it_notice,(noise),No,,No,No,Password Rotation Required Change Thy Cipher This Month.eml,Password Rotation Required: Change Thy Cipher This Month
CROWN00000797,Queen Anne Boleyn,routine,logistics,(routine),No,,No,No,The masque costumes quarterly.eml,The masque costumes (quarterly)
CROWN00000798,Queen Anne Boleyn,routine,approval,(routine),No,,No,No,Re The masque costumes quarterly.eml,Re: The masque costumes (quarterly)
CROWN00000799,Archbishop Thomas Cranmer,noise,spam_vendor,(noise),No,,No,No,Tapestries Half Price  This Quarter Only.eml,Tapestries Half Price — This Quarter Only
CROWN00000800,Archbishop Thomas Cranmer,noise,spam_scam,(noise),No,,No,No,CONGRATULATIONS  You Have Won the Royal Spanish Lottery 5000.eml,"CONGRATULATIONS — You Have Won the Royal Spanish Lottery (500,000 Ducats)"
CROWN00000801,Archbishop Thomas Cranmer,noise,spam_food,(noise),No,,No,No,Hungry After the Hunt We Deliver to Every Palace.eml,Hungry After the Hunt? We Deliver to Every Palace
CROWN00000802,King Henry VIII,noise,bounce,(noise),No,,No,No,Undeliverable The French Embassy.eml,Undeliverable: The French Embassy
CROWN00000803,Thomas Cromwell,routine,request,(routine),No,,No,No,Note the masque costumes.eml,Note: the masque costumes
CROWN00000804,Thomas Cromwell,noise,spam_food,(noise),No,,No,No,Two Trenchers for One  This Sennight Only at Ye Olde Pizza H.eml,Two Trenchers for One — This Sennight Only at Ye Olde Pizza Hut
CROWN00000805,King Henry VIII,narrative,anne_boleyn,Anne Boleyn,No,Internal - Privy Council,No,No,Minutes touching the Princess Elizabeths household.eml,Minutes touching the Princess Elizabeth's household
CROWN00000806,Thomas Cromwell,noise,auto_reply,(noise),No,,No,No,Automatic reply The Victualling Of The Fleet.eml,Automatic reply: The Victualling Of The Fleet
CROWN00000807,King Henry VIII,noise,spam_scam,(noise),No,,No,No,CONGRATULATIONS  You Have Won the Royal Spanish Lottery 5000.eml,"CONGRATULATIONS — You Have Won the Royal Spanish Lottery (500,000 Ducats)"
CROWN00000808,Thomas Cromwell,noise,spam_food,(noise),No,,No,No,Hungry After the Hunt We Deliver to Every Palace.eml,Hungry After the Hunt? We Deliver to Every Palace
CROWN00000809,Thomas Cromwell,noise,newsletter,(noise),No,,No,No,Tudor Times Weekly  09 Oct 1534.eml,Tudor Times Weekly — 09 Oct 1534
CROWN00000810,Archbishop Thomas Cranmer,narrative,anne_boleyn,Anne Boleyn,No,,No,No,the coronation arrangements further to our last.eml,the coronation arrangements (further to our last)
CROWN00000811,King Henry VIII,routine,logistics,(routine),No,Confidential,No,No,The repair of the great clock quarterly.eml,The repair of the great clock (quarterly)
CROWN00000812,Queen Anne Boleyn,loose,png,(loose),No,,No,No,Portrait_anne_boleyn119.png,Portrait of an Unknown Nobleman
CROWN00000813,King Henry VIII,narrative,anne_boleyn,Anne Boleyn,No,Internal - Privy Council,No,No,the Queens apartments at Greenwich further to our last.eml,the Queen's apartments at Greenwich (further to our last)
CROWN00000814,Archbishop Thomas Cranmer,routine,approval,(routine),No,,No,No,The royal stables accounts  for approval.eml,The royal stables accounts — for approval
CROWN00000815,Queen Anne Boleyn,noise,it_notice,(noise),No,,No,No,Mailbox Quota Warning Thy Coffer is 90 Full.eml,Mailbox Quota Warning: Thy Coffer is 90% Full
CROWN00000816,Archbishop Thomas Cranmer,routine,approval,(routine),No,,No,No,Re The royal stables accounts  for approval.eml,Re: The royal stables accounts — for approval
CROWN00000817,Archbishop Thomas Cranmer,noise,spam_scam,(noise),No,,No,No,CONGRATULATIONS  You Have Won the Royal Spanish Lottery 5000.eml,"CONGRATULATIONS — You Have Won the Royal Spanish Lottery (500,000 Ducats)"
CROWN00000818,King Henry VIII,noise,auto_reply,(noise),No,,No,No,Automatic reply The Muster Of Able Men.eml,Automatic reply: The Muster Of Able Men
CROWN00000819,Queen Anne Boleyn,narrative,anne_boleyn,Anne Boleyn,No,,No,No,Concerning the Queens household expenses.eml,Concerning the Queen's household expenses
CROWN00000820,Queen Anne Boleyn,narrative,anne_boleyn,Anne Boleyn,No,,No,No,Query on the New Years gifts.eml,Query on the New Year's gifts
CROWN00000821,Queen Anne Boleyn,narrative,anne_boleyn,Anne Boleyn,No,,No,No,Notes_anne_boleyn_nar-00112.docx,Notes on the New Year's gifts
CROWN00000822,Thomas Cromwell,loose,png,(loose),No,,No,No,Plan_cromwell095.png,Plan of Richmond Palace
CROWN00000823,Queen Anne Boleyn,narrative,anne_boleyn,Anne Boleyn,No,,No,No,Re Query on the New Years gifts.eml,Re: Query on the New Year's gifts
CROWN00000824,Queen Anne Boleyn,noise,spam_food,(noise),No,,No,No,Hungry After the Hunt We Deliver to Every Palace.eml,Hungry After the Hunt? We Deliver to Every Palace
CROWN00000825,Archbishop Thomas Cranmer,noise,spam_vendor,(noise),No,,No,No,New Leeches In Stock  Free Delivery on Tonics.eml,New Leeches In Stock + Free Delivery on Tonics
CROWN00000826,Archbishop Thomas Cranmer,noise,auto_reply,(noise),No,,No,No,Automatic reply The Muster Of Able Men.eml,Automatic reply: The Muster Of Able Men
CROWN00000827,Archbishop Thomas Cranmer,loose,pdf,(loose),No,,No,No,Survey_cranmer085.pdf,Survey of Nonsuch Palace
CROWN00000828,King Henry VIII,routine,concern,(routine),No,,No,No,Re the kitchen accounts for the quarter.eml,Re: the kitchen accounts for the quarter
CROWN00000829,Thomas Cromwell,narrative,dissolution,Dissolution,No,Internal - Privy Council,No,No,Minutes touching the lead and bells of Hailes Abbey.eml,Minutes touching the lead and bells of Hailes Abbey
CROWN00000830,Thomas Cromwell,narrative,dissolution,Dissolution,No,,No,No,Notes_dissolution_nar-00146.docx,Notes on the lead and bells of Hailes Abbey
CROWN00000831,Thomas Cromwell,noise,phishing,(noise),No,,No,No,URGENT Verify Thy Royal Account Within 24 Hours.eml,URGENT: Verify Thy Royal Account Within 24 Hours
CROWN00000832,King Henry VIII,narrative,anne_boleyn,Anne Boleyn,No,Confidential,No,No,Note on the succession oath.eml,Note on the succession oath
CROWN00000833,Thomas Cromwell,noise,phishing,(noise),No,,No,No,URGENT Verify Thy Royal Account Within 24 Hours.eml,URGENT: Verify Thy Royal Account Within 24 Hours
CROWN00000834,King Henry VIII,noise,newsletter,(noise),No,,No,No,Jousting Monthly Lists Lances  League Tables.eml,"Jousting Monthly: Lists, Lances & League Tables"
CROWN00000835,Thomas Cromwell,narrative,dissolution,Dissolution,No,Internal - Privy Council,No,No,Visitation of the religious houses  articles enclosed.eml,Visitation of the religious houses — articles enclosed
CROWN00000836,Thomas Cromwell,narrative,dissolution,Dissolution,No,Internal - Privy Council,No,No,Visitation_Articles.docx,Articles of Visitation for the Religious Houses
CROWN00000837,King Henry VIII,noise,it_notice,(noise),No,,No,No,Scheduled Maintenance The Royal Scriptorium Sunday 2am-6am.eml,"Scheduled Maintenance: The Royal Scriptorium (Sunday, 2am-6am)"
CROWN00000838,Queen Anne Boleyn,loose,txt,(loose),No,,No,No,Hunting_Log_anne_boleyn074.txt,Hunting Log
CROWN00000839,Thomas Cromwell,routine,concern,(routine),No,,No,No,The tiltyard schedule  for approval.eml,The tiltyard schedule — for approval
CROWN00000840,King Henry VIII,noise,it_notice,(noise),No,,No,No,New Quill Procurement Policy  Effective Immediately.eml,New Quill Procurement Policy — Effective Immediately
CROWN00000841,Thomas Cromwell,noise,newsletter,(noise),No,,No,No,Jousting Monthly Lists Lances  League Tables.eml,"Jousting Monthly: Lists, Lances & League Tables"
CROWN00000842,Thomas Cromwell,routine,report,(routine),No,,No,No,Re the wine shipment from Gascony.eml,Re: the wine shipment from Gascony
CROWN00000843,Queen Anne Boleyn,narrative,anne_boleyn,Anne Boleyn,No,Internal - Privy Council,No,No,the Queens household expenses an update.eml,the Queen's household expenses: an update
CROWN00000844,Queen Anne Boleyn,narrative,anne_boleyn,Anne Boleyn,No,,No,No,Re the Queens household expenses an update.eml,Re: the Queen's household expenses: an update
CROWN00000845,Thomas Cromwell,routine,concern,(routine),No,Confidential,No,No,The ordnance survey quarterly.eml,The ordnance survey (quarterly)
CROWN00000846,King Henry VIII,loose,docx,(loose),No,Internal - Privy Council,No,No,Council_Notes_15350217_henry000.docx,Privy Council Notes — 17 February 1535
CROWN00000847,Thomas Cromwell,routine,request,(routine),No,,No,No,The kitchen accounts for the quarter quarterly.eml,The kitchen accounts for the quarter (quarterly)
CROWN00000848,Thomas Cromwell,routine,concern,(routine),No,Confidential,No,No,The christmas revels quarterly.eml,The christmas revels (quarterly)
CROWN00000849,Archbishop Thomas Cranmer,noise,calendar,(noise),No,,No,No,Invitation Garter Ceremony.eml,Invitation: Garter Ceremony
CROWN00000850,Archbishop Thomas Cranmer,noise,calendar,(noise),No,,No,No,invite.ics,Invitation — Garter Ceremony
CROWN00000851,Queen Anne Boleyn,noise,it_notice,(noise),No,,No,No,Scheduled Maintenance The Royal Scriptorium Sunday 2am-6am.eml,"Scheduled Maintenance: The Royal Scriptorium (Sunday, 2am-6am)"
CROWN00000852,Thomas Cromwell,noise,it_notice,(noise),No,,No,No,New Quill Procurement Policy  Effective Immediately.eml,New Quill Procurement Policy — Effective Immediately
CROWN00000853,Thomas Cromwell,noise,it_notice,(noise),No,,No,No,Quill_Procurement_Policy_Q-1536.docx,Quill Procurement Policy (Form Q-1536)
CROWN00000854,King Henry VIII,noise,it_notice,(noise),No,,No,No,New Quill Procurement Policy  Effective Immediately.eml,New Quill Procurement Policy — Effective Immediately
CROWN00000855,Queen Anne Boleyn,noise,it_notice,(noise),No,,No,No,Password Rotation Required Change Thy Cipher This Month.eml,Password Rotation Required: Change Thy Cipher This Month
CROWN00000856,Thomas Cromwell,noise,spam_scam,(noise),No,,No,No,CONGRATULATIONS  You Have Won the Royal Spanish Lottery 5000.eml,"CONGRATULATIONS — You Have Won the Royal Spanish Lottery (500,000 Ducats)"
CROWN00000857,Queen Anne Boleyn,noise,it_notice,(noise),No,,No,No,Mailbox Quota Warning Thy Coffer is 90 Full.eml,Mailbox Quota Warning: Thy Coffer is 90% Full
CROWN00000858,Archbishop Thomas Cranmer,narrative,anne_boleyn,Anne Boleyn,No,,No,No,the Princess Elizabeths household  action required.eml,the Princess Elizabeth's household — action required
CROWN00000859,Archbishop Thomas Cranmer,narrative,anne_boleyn,Anne Boleyn,No,,No,No,Re the Princess Elizabeths household  action required.eml,Re: the Princess Elizabeth's household — action required
CROWN00000860,Thomas Cromwell,noise,spam_scam,(noise),No,,No,No,CONGRATULATIONS  You Have Won the Royal Spanish Lottery 5000.eml,"CONGRATULATIONS — You Have Won the Royal Spanish Lottery (500,000 Ducats)"
CROWN00000861,King Henry VIII,noise,auto_reply,(noise),No,,No,No,Automatic reply The Subsidy Roll.eml,Automatic reply: The Subsidy Roll
CROWN00000862,Queen Anne Boleyn,narrative,anne_boleyn,Anne Boleyn,No,,No,No,Query on the Queens apartments at Greenwich.eml,Query on the Queen's apartments at Greenwich
CROWN00000863,Queen Anne Boleyn,narrative,anne_boleyn,Anne Boleyn,No,,No,No,the Queens household expenses  for your consideration.eml,the Queen's household expenses — for your consideration
CROWN00000864,King Henry VIII,narrative,anne_boleyn,Anne Boleyn,No,,No,No,the peers summons to the Tower  for your consideration.eml,the peers' summons to the Tower — for your consideration
CROWN00000865,Archbishop Thomas Cranmer,noise,auto_reply,(noise),No,,No,No,Automatic reply The Harvest Levy.eml,Automatic reply: The Harvest Levy
CROWN00000866,Thomas Cromwell,loose,docx,(loose),No,Internal - Privy Council,No,No,Draft_Proclamation_cromwell060.docx,Draft Proclamation touching the new coinage
CROWN00000867,Queen Anne Boleyn,noise,spam_food,(noise),No,,No,No,Two Trenchers for One  This Sennight Only at Ye Olde Pizza H.eml,Two Trenchers for One — This Sennight Only at Ye Olde Pizza Hut
CROWN00000868,Archbishop Thomas Cranmer,loose,pdf,(loose),No,,No,No,Survey_cranmer035.pdf,Survey of Westminster
CROWN00000869,Thomas Cromwell,noise,newsletter,(noise),No,,No,No,Tudor Times Weekly  18 May 1535.eml,Tudor Times Weekly — 18 May 1535
CROWN00000870,Thomas Cromwell,routine,report,(routine),No,,No,No,The embassy to france.eml,The embassy to france
CROWN00000871,Thomas Cromwell,routine,approval,(routine),No,,No,No,Re The embassy to france.eml,Re: The embassy to france
CROWN00000872,Archbishop Thomas Cranmer,routine,concern,(routine),No,,No,No,Re the progress to Hampton Court Palace.eml,Re: the progress to Hampton Court Palace
CROWN00000873,Thomas Cromwell,routine,request,(routine),No,Confidential,No,No,The embassy to france quarterly.eml,The embassy to france (quarterly)
CROWN00000874,Archbishop Thomas Cranmer,routine,concern,(routine),No,Confidential,No,No,The works at richmond palace.eml,The works at richmond palace
CROWN00000875,Thomas Cromwell,noise,spam_food,(noise),No,,No,No,Hungry After the Hunt We Deliver to Every Palace.eml,Hungry After the Hunt? We Deliver to Every Palace
CROWN00000876,Archbishop Thomas Cranmer,noise,auto_reply,(noise),No,,No,No,Automatic reply The French Embassy.eml,Automatic reply: The French Embassy
CROWN00000877,Thomas Cromwell,noise,calendar,(noise),No,,No,No,Invitation Grand Joust at the Shrovetide Lists.eml,Invitation: Grand Joust at the Shrovetide Lists
CROWN00000878,Thomas Cromwell,noise,phishing,(noise),No,,No,No,URGENT Verify Thy Royal Account Within 24 Hours.eml,URGENT: Verify Thy Royal Account Within 24 Hours
CROWN00000879,King Henry VIII,narrative,dissolution,Dissolution,No,,No,No,A word about the plate and ornaments of Bury St Edmunds Abbe.eml,A word about the plate and ornaments of Bury St Edmunds Abbey
CROWN00000880,King Henry VIII,routine,report,(routine),No,,No,No,Note the masque costumes.eml,Note: the masque costumes
CROWN00000881,Thomas Cromwell,narrative,dissolution,Dissolution,No,Confidential,No,No,Re Visitation of the religious houses  returns.eml,Re: Visitation of the religious houses — returns
CROWN00000882,Thomas Cromwell,narrative,dissolution,Dissolution,No,Confidential,No,No,Consolidated valuation  for the King.eml,Consolidated valuation — for the King
CROWN00000883,Thomas Cromwell,narrative,dissolution,Dissolution,Yes,Confidential,No,No,Valor_Ecclesiasticus_Summary.xlsx,Valor Ecclesiasticus — Summary of Net Annual Values
CROWN00000884,Thomas Cromwell,loose,binary,(chat),No,,No,No,CHT-0002.rsmf,Privy Council — working group
CROWN00000885,Thomas Cromwell,noise,calendar,(noise),No,,No,No,Invitation Garter Ceremony.eml,Invitation: Garter Ceremony
CROWN00000886,Thomas Cromwell,noise,calendar,(noise),No,,No,No,invite.ics,Invitation — Garter Ceremony
CROWN00000887,Thomas Cromwell,narrative,dissolution,Dissolution,No,Confidential,No,No,Fw Consolidated valuation  for the King.eml,Fw: Consolidated valuation — for the King
CROWN00000888,Thomas Cromwell,narrative,dissolution,Dissolution,Yes,Confidential,No,No,Valor_Ecclesiasticus_Summary.xlsx,Valor Ecclesiasticus — Summary of Net Annual Values
CROWN00000889,Archbishop Thomas Cranmer,routine,report,(routine),No,,No,No,The ordnance survey  for approval.eml,The ordnance survey — for approval
CROWN00000890,Archbishop Thomas Cranmer,routine,report,(routine),No,,No,No,Invoice_rtn-00510.xlsx,Account — the ordnance survey
CROWN00000891,Archbishop Thomas Cranmer,routine,report,(routine),No,,No,No,The kitchen accounts for the quarter  for approval.eml,The kitchen accounts for the quarter — for approval
CROWN00000892,Archbishop Thomas Cranmer,noise,auto_reply,(noise),No,,No,No,Automatic reply The Tiltyard Schedule.eml,Automatic reply: The Tiltyard Schedule
CROWN00000893,Archbishop Thomas Cranmer,routine,approval,(routine),No,,No,No,Re The kitchen accounts for the quarter  for approval.eml,Re: The kitchen accounts for the quarter — for approval
CROWN00000894,Queen Anne Boleyn,noise,it_notice,(noise),No,,No,No,Mailbox Quota Warning Thy Coffer is 90 Full.eml,Mailbox Quota Warning: Thy Coffer is 90% Full
CROWN00000895,Thomas Cromwell,noise,it_notice,(noise),No,,No,No,Mailbox Quota Warning Thy Coffer is 90 Full.eml,Mailbox Quota Warning: Thy Coffer is 90% Full
CROWN00000896,Archbishop Thomas Cranmer,narrative,anne_boleyn,Anne Boleyn,No,Confidential,No,No,the Princess Elizabeths household  for your consideration.eml,the Princess Elizabeth's household — for your consideration
CROWN00000897,Archbishop Thomas Cranmer,routine,request,(routine),No,,No,No,Re the purveyance of venison.eml,Re: the purveyance of venison
CROWN00000898,King Henry VIII,routine,request,(routine),No,,No,Yes,Re the purveyance of venison.eml,Re: the purveyance of venison
CROWN00000899,Archbishop Thomas Cranmer,narrative,anne_boleyn,Anne Boleyn,No,,No,No,Re the Princess Elizabeths household  for your consideration.eml,Re: the Princess Elizabeth's household — for your consideration
CROWN00000900,Queen Anne Boleyn,narrative,anne_boleyn,Anne Boleyn,No,,No,No,the Princess Elizabeths household an update.eml,the Princess Elizabeth's household: an update
CROWN00000901,Archbishop Thomas Cranmer,noise,calendar,(noise),No,,No,No,Invitation Grand Joust at the Shrovetide Lists.eml,Invitation: Grand Joust at the Shrovetide Lists
CROWN00000902,Queen Anne Boleyn,noise,calendar,(noise),No,,No,No,Invitation Attendance Requested at Tower Green 9 oclock.eml,"Invitation: Attendance Requested at Tower Green, 9 o'clock"
CROWN00000903,Queen Anne Boleyn,routine,request,(routine),No,,No,No,The tiltyard schedule quarterly.eml,The tiltyard schedule (quarterly)
CROWN00000904,Queen Anne Boleyn,routine,request,(routine),No,,No,No,WorkOrder_rtn-00550.docx,Work Order — the tiltyard schedule
CROWN00000905,Thomas Cromwell,noise,spam_scam,(noise),No,,No,No,CONGRATULATIONS  You Have Won the Royal Spanish Lottery 5000.eml,"CONGRATULATIONS — You Have Won the Royal Spanish Lottery (500,000 Ducats)"
CROWN00000906,Thomas Cromwell,routine,request,(routine),No,,No,No,The works at hever castle.eml,The works at hever castle
CROWN00000907,King Henry VIII,noise,auto_reply,(noise),No,,No,No,Automatic reply The Subsidy Roll.eml,Automatic reply: The Subsidy Roll
CROWN00000908,King Henry VIII,narrative,anne_boleyn,Anne Boleyn,No,Confidential,No,No,Note on the Princess Elizabeths household.eml,Note on the Princess Elizabeth's household
CROWN00000909,Queen Anne Boleyn,routine,approval,(routine),No,Confidential,No,No,The new years gift roll quarterly.eml,The new year's gift roll (quarterly)
CROWN00000910,Queen Anne Boleyn,routine,approval,(routine),No,,No,No,WorkOrder_rtn-00276.docx,Work Order — the New Year's gift roll
CROWN00000911,Queen Anne Boleyn,loose,xlsx,(loose),No,Confidential,No,No,Treasury_Ledger_1535_Christmas_anne_boleyn093.xlsx,Treasury Ledger — Christmas 1535
CROWN00000912,Queen Anne Boleyn,loose,xlsx,(loose),No,,No,No,Treasury_Ledger_1535_Christmas_anne_boleyn093_rev2.xlsx,Treasury Ledger — Christmas 1535 (rev. 2)
CROWN00000913,Thomas Cromwell,narrative,anne_boleyn,Anne Boleyn,No,,No,No,the Queens household expenses an update.eml,the Queen's household expenses: an update
CROWN00000914,Thomas Cromwell,noise,phishing,(noise),No,,No,No,URGENT Verify Thy Royal Account Within 24 Hours.eml,URGENT: Verify Thy Royal Account Within 24 Hours
CROWN00000915,Queen Anne Boleyn,narrative,anne_boleyn,Anne Boleyn,No,,No,No,the succession oath further to our last.eml,the succession oath (further to our last)
CROWN00000916,King Henry VIII,noise,spam_scam,(noise),No,,No,No,CONGRATULATIONS  You Have Won the Royal Spanish Lottery 5000.eml,"CONGRATULATIONS — You Have Won the Royal Spanish Lottery (500,000 Ducats)"
CROWN00000917,King Henry VIII,noise,calendar,(noise),No,,No,No,Invitation Garter Ceremony.eml,Invitation: Garter Ceremony
CROWN00000918,Archbishop Thomas Cranmer,narrative,dissolution,Dissolution,No,,No,No,the lead and bells of Lewes Priory  for your consideration.eml,the lead and bells of Lewes Priory — for your consideration
CROWN00000919,Archbishop Thomas Cranmer,narrative,dissolution,Dissolution,No,,No,No,Schedule_dissolution_nar-00141.xlsx,Schedule — the lead and bells of Lewes Priory
CROWN00000920,King Henry VIII,narrative,dissolution,Dissolution,No,,No,No,the lead and bells of Glastonbury Abbey  action required.eml,the lead and bells of Glastonbury Abbey — action required
CROWN00000921,Archbishop Thomas Cranmer,narrative,dissolution,Dissolution,No,,No,Yes,the lead and bells of Glastonbury Abbey  action required.eml,the lead and bells of Glastonbury Abbey — action required
CROWN00000922,Archbishop Thomas Cranmer,narrative,dissolution,Dissolution,No,,No,No,Re the lead and bells of Glastonbury Abbey  action required.eml,Re: the lead and bells of Glastonbury Abbey — action required
CROWN00000923,Queen Anne Boleyn,noise,newsletter,(noise),No,,No,No,Jousting Monthly Lists Lances  League Tables.eml,"Jousting Monthly: Lists, Lances & League Tables"
CROWN00000924,Queen Anne Boleyn,noise,calendar,(noise),No,,No,No,Invitation Attendance Requested at Tower Green 9 oclock.eml,"Invitation: Attendance Requested at Tower Green, 9 o'clock"
CROWN00000925,Queen Anne Boleyn,noise,calendar,(noise),No,,No,No,invite.ics,"Invitation — Attendance Requested at Tower Green, 9 o'clock"
CROWN00000926,King Henry VIII,noise,auto_reply,(noise),No,,No,No,Automatic reply The Scottish Border.eml,Automatic reply: The Scottish Border
CROWN00000927,King Henry VIII,noise,spam_food,(noise),No,,No,No,Hungry After the Hunt We Deliver to Every Palace.eml,Hungry After the Hunt? We Deliver to Every Palace
CROWN00000928,King Henry VIII,narrative,dissolution,Dissolution,No,,No,No,the sale of abbey lands further to our last.eml,the sale of abbey lands (further to our last)
CROWN00000929,King Henry VIII,narrative,dissolution,Dissolution,No,,No,No,Re the sale of abbey lands further to our last.eml,Re: the sale of abbey lands (further to our last)
CROWN00000930,Thomas Cromwell,narrative,dissolution,Dissolution,No,,No,Yes,Re the sale of abbey lands further to our last.eml,Re: the sale of abbey lands (further to our last)
CROWN00000931,Archbishop Thomas Cranmer,routine,report,(routine),No,,No,No,Note the victualling of the fleet.eml,Note: the victualling of the fleet
CROWN00000932,King Henry VIII,noise,spam_food,(noise),No,,No,No,Hungry After the Hunt We Deliver to Every Palace.eml,Hungry After the Hunt? We Deliver to Every Palace
CROWN00000933,Archbishop Thomas Cranmer,routine,approval,(routine),No,,No,No,Re Note the victualling of the fleet.eml,Re: Note: the victualling of the fleet
CROWN00000934,King Henry VIII,noise,phishing,(noise),No,,No,No,URGENT Verify Thy Royal Account Within 24 Hours.eml,URGENT: Verify Thy Royal Account Within 24 Hours
CROWN00000935,Thomas Cromwell,noise,newsletter,(noise),No,,No,No,Tudor Times Weekly  14 Nov 1535.eml,Tudor Times Weekly — 14 Nov 1535
CROWN00000936,Thomas Cromwell,narrative,dissolution,Dissolution,No,,No,No,A word about the Court of Augmentations accounts.eml,A word about the Court of Augmentations accounts
CROWN00000937,Thomas Cromwell,narrative,dissolution,Dissolution,No,,No,No,Schedule_dissolution_nar-00147.xlsx,Schedule — the Court of Augmentations accounts
CROWN00000938,King Henry VIII,noise,newsletter,(noise),No,,No,No,Tudor Times Weekly  27 Nov 1535.eml,Tudor Times Weekly — 27 Nov 1535
CROWN00000939,Archbishop Thomas Cranmer,noise,phishing,(noise),No,,No,No,URGENT Verify Thy Royal Account Within 24 Hours.eml,URGENT: Verify Thy Royal Account Within 24 Hours
CROWN00000940,Queen Anne Boleyn,noise,spam_food,(noise),No,,No,No,NEW The Hampton Court Meat Feast Feeds a Whole Privy Council.eml,NEW: The Hampton Court Meat Feast (Feeds a Whole Privy Council)
CROWN00000941,Archbishop Thomas Cranmer,noise,auto_reply,(noise),No,,No,No,Automatic reply The Wool Staple At Calais.eml,Automatic reply: The Wool Staple At Calais
CROWN00000942,Thomas Cromwell,narrative,anne_boleyn,Anne Boleyn,No,,No,No,the Queens apartments at Greenwich  for your consideration.eml,the Queen's apartments at Greenwich — for your consideration
CROWN00000943,Archbishop Thomas Cranmer,noise,bounce,(noise),No,,No,No,Undeliverable The Tiltyard Schedule.eml,Undeliverable: The Tiltyard Schedule
CROWN00000944,King Henry VIII,routine,request,(routine),No,Confidential,No,No,The new years gift roll  for approval.eml,The new year's gift roll — for approval
CROWN00000945,King Henry VIII,routine,request,(routine),No,,No,No,Invoice_rtn-00536.xlsx,Account — the New Year's gift roll
CROWN00000946,King Henry VIII,routine,approval,(routine),No,,No,No,Re The new years gift roll  for approval.eml,Re: The new year's gift roll — for approval
CROWN00000947,Queen Anne Boleyn,narrative,anne_boleyn,Anne Boleyn,No,,No,No,Note on the peers summons to the Tower.eml,Note on the peers' summons to the Tower
CROWN00000948,Archbishop Thomas Cranmer,noise,auto_reply,(noise),No,,No,No,Automatic reply The Tiltyard Schedule.eml,Automatic reply: The Tiltyard Schedule
CROWN00000949,Thomas Cromwell,narrative,anne_boleyn,Anne Boleyn,No,,No,No,Re Note on the peers summons to the Tower.eml,Re: Note on the peers' summons to the Tower
CROWN00000950,King Henry VIII,noise,calendar,(noise),No,,No,No,Invitation Coronation Banquet.eml,Invitation: Coronation Banquet
CROWN00000951,King Henry VIII,narrative,anne_boleyn,Anne Boleyn,No,,No,No,Note on the peers summons to the Tower.eml,Note on the peers' summons to the Tower
CROWN00000952,King Henry VIII,narrative,anne_boleyn,Anne Boleyn,No,,No,No,Re Note on the peers summons to the Tower.eml,Re: Note on the peers' summons to the Tower
CROWN00000953,Archbishop Thomas Cranmer,noise,newsletter,(noise),No,,No,No,Tudor Times Weekly  25 Dec 1535.eml,Tudor Times Weekly — 25 Dec 1535
CROWN00000954,Archbishop Thomas Cranmer,noise,newsletter,(noise),No,,No,No,Tudor_Times_Weekly.pdf,Tudor Times Weekly — Full Issue
CROWN00000955,Queen Anne Boleyn,routine,request,(routine),No,,No,No,The works at the palace of whitehall.eml,The works at the palace of whitehall
CROWN00000956,King Henry VIII,routine,approval,(routine),No,,No,No,Note the muster of able men in Lincolnshire.eml,Note: the muster of able men in Lincolnshire
CROWN00000957,Thomas Cromwell,narrative,anne_boleyn,Anne Boleyn,No,Internal - Privy Council,No,No,Minutes touching the peers summons to the Tower.eml,Minutes touching the peers' summons to the Tower
CROWN00000958,Thomas Cromwell,loose,png,(loose),No,,No,No,Portrait_cromwell068.png,Portrait of a Gentleman of the Privy Chamber
CROWN00000959,Thomas Cromwell,narrative,anne_boleyn,Anne Boleyn,No,,No,No,the coronation arrangements  for your consideration.eml,the coronation arrangements — for your consideration
CROWN00000960,Thomas Cromwell,narrative,anne_boleyn,Anne Boleyn,No,,No,No,Minutes touching the coronation arrangements.eml,Minutes touching the coronation arrangements
CROWN00000961,Archbishop Thomas Cranmer,noise,phishing,(noise),No,,No,No,URGENT Verify Thy Royal Account Within 24 Hours.eml,URGENT: Verify Thy Royal Account Within 24 Hours
CROWN00000962,Thomas Cromwell,routine,request,(routine),No,Confidential,No,No,Re the Garter ceremony arrangements.eml,Re: the Garter ceremony arrangements
CROWN00000963,Archbishop Thomas Cranmer,noise,spam_vendor,(noise),No,,No,No,New Leeches In Stock  Free Delivery on Tonics.eml,New Leeches In Stock + Free Delivery on Tonics
CROWN00000964,King Henry VIII,routine,report,(routine),No,,No,No,Note the falconry mews.eml,Note: the falconry mews
CROWN00000965,Queen Anne Boleyn,narrative,anne_boleyn,Anne Boleyn,No,,No,No,I am grieved.eml,I am grieved
CROWN00000966,Thomas Cromwell,loose,docx,(loose),No,,No,No,Personal_Memorandum_cromwell016.docx,Personal Memorandum
CROWN00000967,Archbishop Thomas Cranmer,loose,png,(loose),No,,No,No,Seal_cranmer001.png,Impression of a Signet Impression
CROWN00000968,Thomas Cromwell,loose,txt,(loose),No,,No,No,Personal_Memorandum_cromwell016_rev2.docx,Personal Memorandum (rev. 2)
CROWN00000969,King Henry VIII,narrative,anne_boleyn,Anne Boleyn,No,Confidential,No,No,the New Years gifts  action required.eml,the New Year's gifts — action required
CROWN00000970,Queen Anne Boleyn,noise,spam_food,(noise),No,,No,No,Lenten Special  No Meat Much Cheese Still Glorious.eml,"Lenten Special — No Meat, Much Cheese, Still Glorious"
CROWN00000971,Thomas Cromwell,noise,spam_food,(noise),No,,No,No,Lenten Special  No Meat Much Cheese Still Glorious.eml,"Lenten Special — No Meat, Much Cheese, Still Glorious"
CROWN00000972,Queen Anne Boleyn,noise,newsletter,(noise),No,,No,No,Jousting Monthly Lists Lances  League Tables.eml,"Jousting Monthly: Lists, Lances & League Tables"
CROWN00000973,King Henry VIII,noise,newsletter,(noise),No,,No,No,Tudor Times Weekly  06 Mar 1536.eml,Tudor Times Weekly — 06 Mar 1536
CROWN00000974,King Henry VIII,routine,report,(routine),No,,No,No,The royal stables accounts.eml,The royal stables accounts
CROWN00000975,Thomas Cromwell,noise,newsletter,(noise),No,,No,No,Tudor Times Weekly  11 Mar 1536.eml,Tudor Times Weekly — 11 Mar 1536
CROWN00000976,Archbishop Thomas Cranmer,routine,report,(routine),No,,No,No,The new years gift roll quarterly.eml,The new year's gift roll (quarterly)
CROWN00000977,Archbishop Thomas Cranmer,routine,approval,(routine),No,,No,No,Re The new years gift roll quarterly.eml,Re: The new year's gift roll (quarterly)
CROWN00000978,Thomas Cromwell,routine,approval,(routine),No,,No,No,The tiltyard schedule  for approval.eml,The tiltyard schedule — for approval
CROWN00000979,Thomas Cromwell,loose,docx,(loose),No,Internal - Privy Council,No,No,Draft_Proclamation_cromwell059.docx,Draft Proclamation touching the Christmas revels
CROWN00000980,Thomas Cromwell,routine,concern,(routine),No,,No,No,The royal barge repairs  for approval.eml,The royal barge repairs — for approval
CROWN00000981,Thomas Cromwell,routine,logistics,(routine),No,,No,No,Re the kitchen accounts for the quarter.eml,Re: the kitchen accounts for the quarter
CROWN00000982,Queen Anne Boleyn,noise,newsletter,(noise),No,,No,No,Jousting Monthly Lists Lances  League Tables.eml,"Jousting Monthly: Lists, Lances & League Tables"
CROWN00000983,Thomas Cromwell,routine,approval,(routine),No,,No,No,Re The royal barge repairs  for approval.eml,Re: The royal barge repairs — for approval
CROWN00000984,King Henry VIII,loose,pdf,(loose),No,,No,No,Survey_henry015.pdf,Survey of the Tower of London
CROWN00000985,Thomas Cromwell,routine,request,(routine),No,Confidential,No,No,Note the New Years gift roll.eml,Note: the New Year's gift roll
CROWN00000986,King Henry VIII,noise,phishing,(noise),No,,No,No,URGENT Verify Thy Royal Account Within 24 Hours.eml,URGENT: Verify Thy Royal Account Within 24 Hours
CROWN00000987,King Henry VIII,noise,newsletter,(noise),No,,No,No,Tudor Times Weekly  06 Apr 1536.eml,Tudor Times Weekly — 06 Apr 1536
CROWN00000988,Archbishop Thomas Cranmer,noise,calendar,(noise),No,,No,No,Invitation Christmas Revels.eml,Invitation: Christmas Revels
CROWN00000989,Archbishop Thomas Cranmer,noise,calendar,(noise),No,,No,No,invite.ics,Invitation — Christmas Revels
CROWN00000990,Thomas Cromwell,narrative,anne_boleyn,Anne Boleyn,No,,No,No,the Princess Elizabeths household  for your consideration.eml,the Princess Elizabeth's household — for your consideration
CROWN00000991,Queen Anne Boleyn,loose,png,(loose),No,,No,No,Plan_anne_boleyn110.png,Plan of Westminster
CROWN00000992,Archbishop Thomas Cranmer,narrative,anne_boleyn,Anne Boleyn,No,Internal - Privy Council,No,No,the New Years gifts an update.eml,the New Year's gifts: an update
CROWN00000993,Archbishop Thomas Cranmer,narrative,anne_boleyn,Anne Boleyn,No,,No,No,Re the New Years gifts an update.eml,Re: the New Year's gifts: an update
CROWN00000994,Thomas Cromwell,noise,spam_scam,(noise),No,,No,No,CONGRATULATIONS  You Have Won the Royal Spanish Lottery 5000.eml,"CONGRATULATIONS — You Have Won the Royal Spanish Lottery (500,000 Ducats)"
CROWN00000995,King Henry VIII,noise,spam_food,(noise),No,,No,No,Two Trenchers for One  This Sennight Only at Ye Olde Pizza H.eml,Two Trenchers for One — This Sennight Only at Ye Olde Pizza Hut
CROWN00000996,Thomas Cromwell,narrative,anne_boleyn,Anne Boleyn,Yes,Privileged - Work Product,Yes,No,A delicate inquiry  privileged.eml,A delicate inquiry — privileged
CROWN00000997,Thomas Cromwell,narrative,anne_boleyn,Anne Boleyn,Yes,Privileged - Work Product,Yes,No,Schedule_of_Examinations.xlsx,Schedule of Examinations — Privy Matter
CROWN00000998,Archbishop Thomas Cranmer,loose,png,(loose),No,,No,No,Portrait_cranmer038.png,Portrait of an Ambassador
CROWN00000999,Thomas Cromwell,narrative,anne_boleyn,Anne Boleyn,Yes,Privileged - Work Product,Yes,No,Re A delicate inquiry  privileged.eml,Re: A delicate inquiry — privileged
CROWN00001000,King Henry VIII,narrative,anne_boleyn,Anne Boleyn,Yes,Privileged - Work Product,Yes,Yes,Re A delicate inquiry  privileged.eml,Re: A delicate inquiry — privileged
CROWN00001001,Thomas Cromwell,narrative,anne_boleyn,Anne Boleyn,No,Confidential,No,No,Cause set down for hearing.eml,Cause set down for hearing
CROWN00001002,Thomas Cromwell,narrative,anne_boleyn,Anne Boleyn,No,Confidential,No,No,Indictment_Crown_Matter.pdf,Bill of Indictment — Crown Matter
CROWN00001003,Queen Anne Boleyn,narrative,anne_boleyn,Anne Boleyn,Yes,,No,No,From a faithful wife.eml,From a faithful wife
CROWN00001004,Archbishop Thomas Cranmer,narrative,anne_boleyn,Anne Boleyn,No,Confidential,No,No,The second cause.eml,The second cause
CROWN00001005,King Henry VIII,narrative,anne_boleyn,Anne Boleyn,No,Confidential,No,No,The arrangements.eml,The arrangements
CROWN00001006,King Henry VIII,noise,newsletter,(noise),No,,No,No,Jousting Monthly Lists Lances  League Tables.eml,"Jousting Monthly: Lists, Lances & League Tables"
CROWN00001007,Thomas Cromwell,routine,report,(routine),No,Confidential,No,No,The tiltyard schedule.eml,The tiltyard schedule
CROWN00001008,Archbishop Thomas Cranmer,noise,it_notice,(noise),No,,No,No,Reminder Mandatory Doublet  Hose Compliance Training.eml,Reminder: Mandatory Doublet & Hose Compliance Training
CROWN00001009,Archbishop Thomas Cranmer,routine,request,(routine),No,,No,No,Re the royal barge repairs.eml,Re: the royal barge repairs
CROWN00001010,Archbishop Thomas Cranmer,routine,approval,(routine),No,,No,No,Re the royal barge repairs.eml,Re: the royal barge repairs
CROWN00001011,King Henry VIII,noise,it_notice,(noise),No,,No,No,New Quill Procurement Policy  Effective Immediately.eml,New Quill Procurement Policy — Effective Immediately
CROWN00001012,King Henry VIII,noise,it_notice,(noise),No,,No,No,Quill_Procurement_Policy_Q-1536.docx,Quill Procurement Policy (Form Q-1536)
CROWN00001013,King Henry VIII,noise,newsletter,(noise),No,,No,No,Tudor Times Weekly  06 Jul 1536.eml,Tudor Times Weekly — 06 Jul 1536
CROWN00001014,King Henry VIII,narrative,dissolution,Dissolution,No,,No,No,A word about the pensions of the religious.eml,A word about the pensions of the religious
CROWN00001015,Thomas Cromwell,routine,report,(routine),No,,No,No,The tiltyard schedule.eml,The tiltyard schedule
CROWN00001016,King Henry VIII,loose,docx,(loose),No,Internal - Privy Council,No,No,Draft_Proclamation_henry129.docx,Draft Proclamation touching the subsidy roll
CROWN00001017,Thomas Cromwell,routine,report,(routine),No,Confidential,No,No,The royal barge repairs.eml,The royal barge repairs
CROWN00001018,Thomas Cromwell,routine,report,(routine),No,,No,No,WorkOrder_rtn-00580.docx,Work Order — the royal barge repairs
CROWN00001019,King Henry VIII,narrative,dissolution,Dissolution,No,,No,No,Query on the Court of Augmentations accounts.eml,Query on the Court of Augmentations accounts
CROWN00001020,Thomas Cromwell,noise,auto_reply,(noise),No,,No,No,Automatic reply The Progress Itinerary.eml,Automatic reply: The Progress Itinerary
CROWN00001021,Thomas Cromwell,routine,request,(routine),No,Confidential,No,No,The wardrobe accounts quarterly.eml,The wardrobe accounts (quarterly)
CROWN00001022,Thomas Cromwell,routine,request,(routine),No,,No,No,Report_rtn-00319.pdf,Report — the wardrobe accounts
CROWN00001023,Archbishop Thomas Cranmer,loose,png,(loose),No,,No,No,Seal_cranmer130.png,Impression of a Signet Impression
CROWN00001024,King Henry VIII,noise,auto_reply,(noise),No,,No,No,Automatic reply The French Embassy.eml,Automatic reply: The French Embassy
CROWN00001025,Archbishop Thomas Cranmer,loose,pdf,(loose),No,,No,No,Survey_cranmer030.pdf,Survey of the Palace of Whitehall
CROWN00001026,Thomas Cromwell,routine,request,(routine),No,,No,No,Re the muster of able men in Essex.eml,Re: the muster of able men in Essex
CROWN00001027,Archbishop Thomas Cranmer,noise,phishing,(noise),No,,No,No,URGENT Verify Thy Royal Account Within 24 Hours.eml,URGENT: Verify Thy Royal Account Within 24 Hours
CROWN00001028,King Henry VIII,noise,spam_food,(noise),No,,No,No,Lenten Special  No Meat Much Cheese Still Glorious.eml,"Lenten Special — No Meat, Much Cheese, Still Glorious"
CROWN00001029,Thomas Cromwell,routine,report,(routine),No,,No,No,The purveyance of venison quarterly.eml,The purveyance of venison (quarterly)
CROWN00001030,Archbishop Thomas Cranmer,noise,spam_food,(noise),No,,No,No,Hungry After the Hunt We Deliver to Every Palace.eml,Hungry After the Hunt? We Deliver to Every Palace
CROWN00001031,King Henry VIII,routine,request,(routine),No,,No,No,The new years gift roll  for approval.eml,The new year's gift roll — for approval
CROWN00001032,Thomas Cromwell,noise,spam_vendor,(noise),No,,No,No,New Leeches In Stock  Free Delivery on Tonics.eml,New Leeches In Stock + Free Delivery on Tonics
CROWN00001033,Archbishop Thomas Cranmer,noise,it_notice,(noise),No,,No,No,New Quill Procurement Policy  Effective Immediately.eml,New Quill Procurement Policy — Effective Immediately
CROWN00001034,Thomas Cromwell,narrative,dissolution,Dissolution,No,Confidential,No,No,Trouble in the North.eml,Trouble in the North
CROWN00001035,King Henry VIII,narrative,dissolution,Dissolution,No,Confidential,No,Yes,Trouble in the North.eml,Trouble in the North
CROWN00001036,Archbishop Thomas Cranmer,noise,newsletter,(noise),No,,No,No,Jousting Monthly Lists Lances  League Tables.eml,"Jousting Monthly: Lists, Lances & League Tables"
CROWN00001037,King Henry VIII,narrative,dissolution,Dissolution,No,Confidential,No,No,the disposal of Syon Abbeys library an update.eml,the disposal of Syon Abbey's library: an update
CROWN00001038,Thomas Cromwell,narrative,dissolution,Dissolution,No,,No,No,Re the disposal of Syon Abbeys library an update.eml,Re: the disposal of Syon Abbey's library: an update
CROWN00001039,Thomas Cromwell,routine,logistics,(routine),No,,No,No,Note the kitchen accounts for the quarter.eml,Note: the kitchen accounts for the quarter
CROWN00001040,Thomas Cromwell,routine,logistics,(routine),No,,No,No,Report_rtn-00736.pdf,Report — the kitchen accounts for the quarter
CROWN00001041,Archbishop Thomas Cranmer,noise,it_notice,(noise),No,,No,No,Mailbox Quota Warning Thy Coffer is 90 Full.eml,Mailbox Quota Warning: Thy Coffer is 90% Full
CROWN00001042,Archbishop Thomas Cranmer,noise,newsletter,(noise),No,,No,No,Tudor Times Weekly  01 Nov 1536.eml,Tudor Times Weekly — 01 Nov 1536
CROWN00001043,King Henry VIII,routine,approval,(routine),No,Confidential,No,No,The kitchen accounts for the quarter.eml,The kitchen accounts for the quarter
CROWN00001044,Thomas Cromwell,routine,report,(routine),No,,No,No,The purveyance of venison.eml,The purveyance of venison
CROWN00001045,King Henry VIII,noise,spam_food,(noise),No,,No,No,NEW The Hampton Court Meat Feast Feeds a Whole Privy Council.eml,NEW: The Hampton Court Meat Feast (Feeds a Whole Privy Council)
CROWN00001046,Thomas Cromwell,noise,it_notice,(noise),No,,No,No,Reminder Mandatory Doublet  Hose Compliance Training.eml,Reminder: Mandatory Doublet & Hose Compliance Training
CROWN00001047,Archbishop Thomas Cranmer,noise,auto_reply,(noise),No,,No,No,Automatic reply Repairs To The Royal Barge.eml,Automatic reply: Repairs To The Royal Barge
CROWN00001048,Archbishop Thomas Cranmer,noise,bounce,(noise),No,,No,No,Undeliverable The Harvest Levy.eml,Undeliverable: The Harvest Levy
CROWN00001049,Archbishop Thomas Cranmer,narrative,dissolution,Dissolution,No,,No,No,Note on the Court of Augmentations accounts.eml,Note on the Court of Augmentations accounts
CROWN00001050,Thomas Cromwell,narrative,dissolution,Dissolution,No,Internal - Privy Council,No,No,A word about the pensions of the religious.eml,A word about the pensions of the religious
CROWN00001051,Thomas Cromwell,narrative,dissolution,Dissolution,No,,No,No,Re A word about the pensions of the religious.eml,Re: A word about the pensions of the religious
CROWN00001052,Thomas Cromwell,noise,it_notice,(noise),No,,No,No,Password Rotation Required Change Thy Cipher This Month.eml,Password Rotation Required: Change Thy Cipher This Month
CROWN00001053,Thomas Cromwell,noise,bounce,(noise),No,,No,No,Undeliverable The French Embassy.eml,Undeliverable: The French Embassy
CROWN00001054,Archbishop Thomas Cranmer,routine,report,(routine),No,,No,No,The wine shipment from gascony.eml,The wine shipment from gascony
CROWN00001055,King Henry VIII,noise,spam_vendor,(noise),No,,No,No,New Leeches In Stock  Free Delivery on Tonics.eml,New Leeches In Stock + Free Delivery on Tonics
CROWN00001056,King Henry VIII,noise,spam_food,(noise),No,,No,No,Two Trenchers for One  This Sennight Only at Ye Olde Pizza H.eml,Two Trenchers for One — This Sennight Only at Ye Olde Pizza Hut
CROWN00001057,Archbishop Thomas Cranmer,noise,calendar,(noise),No,,No,No,Invitation Attendance Requested at Tower Green 9 oclock.eml,"Invitation: Attendance Requested at Tower Green, 9 o'clock"
CROWN00001058,Archbishop Thomas Cranmer,noise,auto_reply,(noise),No,,No,No,Automatic reply The Muster Of Able Men.eml,Automatic reply: The Muster Of Able Men
CROWN00001059,Archbishop Thomas Cranmer,noise,spam_food,(noise),No,,No,No,Hungry After the Hunt We Deliver to Every Palace.eml,Hungry After the Hunt? We Deliver to Every Palace
CROWN00001060,Thomas Cromwell,routine,report,(routine),No,Confidential,No,No,Re the works at Hampton Court Palace.eml,Re: the works at Hampton Court Palace
CROWN00001061,Archbishop Thomas Cranmer,noise,spam_food,(noise),No,,No,No,Lenten Special  No Meat Much Cheese Still Glorious.eml,"Lenten Special — No Meat, Much Cheese, Still Glorious"
CROWN00001062,Thomas Cromwell,routine,request,(routine),No,,No,No,The royal barge repairs.eml,The royal barge repairs
CROWN00001063,Thomas Cromwell,noise,spam_scam,(noise),No,,No,No,CONGRATULATIONS  You Have Won the Royal Spanish Lottery 5000.eml,"CONGRATULATIONS — You Have Won the Royal Spanish Lottery (500,000 Ducats)"
CROWN00001064,Thomas Cromwell,routine,approval,(routine),No,,No,No,Re The royal barge repairs.eml,Re: The royal barge repairs
CROWN00001065,Archbishop Thomas Cranmer,loose,docx,(loose),No,Internal - Privy Council,No,No,Draft_Proclamation_cranmer099.docx,Draft Proclamation touching the harvest levy
CROWN00001066,Thomas Cromwell,routine,logistics,(routine),No,,No,No,The wine shipment from gascony  for approval.eml,The wine shipment from gascony — for approval
CROWN00001067,Archbishop Thomas Cranmer,narrative,dissolution,Dissolution,No,Confidential,No,No,A word about the surrender of Hailes Abbey.eml,A word about the surrender of Hailes Abbey
CROWN00001068,Archbishop Thomas Cranmer,narrative,dissolution,Dissolution,No,,No,No,Notes_dissolution_nar-00132.docx,Notes on the surrender of Hailes Abbey
CROWN00001069,Archbishop Thomas Cranmer,narrative,dissolution,Dissolution,No,,No,No,Concerning the survey of Walsingham Priory.eml,Concerning the survey of Walsingham Priory
CROWN00001070,Archbishop Thomas Cranmer,narrative,dissolution,Dissolution,No,,No,No,Re Concerning the survey of Walsingham Priory.eml,Re: Concerning the survey of Walsingham Priory
CROWN00001071,Archbishop Thomas Cranmer,noise,newsletter,(noise),No,,No,No,Tudor Times Weekly  30 Mar 1537.eml,Tudor Times Weekly — 30 Mar 1537
CROWN00001072,Thomas Cromwell,routine,report,(routine),No,,No,No,Note the embassy to France.eml,Note: the embassy to France
CROWN00001073,Archbishop Thomas Cranmer,noise,auto_reply,(noise),No,,No,No,Automatic reply The Tiltyard Schedule.eml,Automatic reply: The Tiltyard Schedule
CROWN00001074,Thomas Cromwell,routine,approval,(routine),No,Confidential,No,No,The christmas revels.eml,The christmas revels
CROWN00001075,Thomas Cromwell,routine,approval,(routine),No,,No,No,Re The christmas revels.eml,Re: The christmas revels
CROWN00001076,King Henry VIII,routine,concern,(routine),No,,No,No,Re the tiltyard schedule.eml,Re: the tiltyard schedule
CROWN00001077,King Henry VIII,routine,concern,(routine),No,,No,No,WorkOrder_rtn-00717.docx,Work Order — the tiltyard schedule
CROWN00001078,King Henry VIII,routine,approval,(routine),No,,No,No,Re the tiltyard schedule.eml,Re: the tiltyard schedule
CROWN00001079,King Henry VIII,noise,spam_food,(noise),No,,No,No,Two Trenchers for One  This Sennight Only at Ye Olde Pizza H.eml,Two Trenchers for One — This Sennight Only at Ye Olde Pizza Hut
CROWN00001080,Archbishop Thomas Cranmer,routine,concern,(routine),No,Confidential,No,No,The falconry mews  for approval.eml,The falconry mews — for approval
CROWN00001081,Thomas Cromwell,routine,logistics,(routine),No,,No,No,Re the purveyance of venison.eml,Re: the purveyance of venison
CROWN00001082,Archbishop Thomas Cranmer,noise,spam_vendor,(noise),No,,No,No,Tapestries Half Price  This Quarter Only.eml,Tapestries Half Price — This Quarter Only
CROWN00001083,Archbishop Thomas Cranmer,noise,bounce,(noise),No,,No,No,Undeliverable The Progress Itinerary.eml,Undeliverable: The Progress Itinerary
CROWN00001084,King Henry VIII,loose,xlsx,(loose),No,Confidential,No,No,Inventory_JewelHouse_henry011.xlsx,Inventory of the Jewel House
CROWN00001085,Thomas Cromwell,routine,report,(routine),No,,No,No,Note the ordnance survey.eml,Note: the ordnance survey
CROWN00001086,Thomas Cromwell,noise,newsletter,(noise),No,,No,No,Jousting Monthly Lists Lances  League Tables.eml,"Jousting Monthly: Lists, Lances & League Tables"
CROWN00001087,Archbishop Thomas Cranmer,noise,calendar,(noise),No,,No,No,Invitation Coronation Banquet.eml,Invitation: Coronation Banquet
CROWN00001088,Archbishop Thomas Cranmer,noise,calendar,(noise),No,,No,No,invite.ics,Invitation — Coronation Banquet
CROWN00001089,King Henry VIII,routine,logistics,(routine),No,,No,No,Note the Garter ceremony arrangements.eml,Note: the Garter ceremony arrangements
CROWN00001090,Thomas Cromwell,loose,xlsx,(loose),No,,No,No,Treasury_Ledger_1537_Christmas_cromwell087.xlsx,Treasury Ledger — Christmas 1537
CROWN00001091,Archbishop Thomas Cranmer,noise,newsletter,(noise),No,,No,No,Tudor Times Weekly  10 Jul 1537.eml,Tudor Times Weekly — 10 Jul 1537
CROWN00001092,Thomas Cromwell,noise,it_notice,(noise),No,,No,No,Reminder Mandatory Doublet  Hose Compliance Training.eml,Reminder: Mandatory Doublet & Hose Compliance Training
CROWN00001093,Archbishop Thomas Cranmer,routine,logistics,(routine),No,,No,No,The christmas revels  for approval.eml,The christmas revels — for approval
CROWN00001094,King Henry VIII,loose,docx,(loose),No,,No,No,Personal_Memorandum_henry088.docx,Personal Memorandum
CROWN00001095,King Henry VIII,routine,approval,(routine),No,,No,No,Re the New Years gift roll.eml,Re: the New Year's gift roll
CROWN00001096,King Henry VIII,narrative,dissolution,Dissolution,No,,No,No,Concerning the survey of Glastonbury Abbey.eml,Concerning the survey of Glastonbury Abbey
CROWN00001097,Archbishop Thomas Cranmer,routine,report,(routine),No,,No,No,Re the wardrobe accounts.eml,Re: the wardrobe accounts
CROWN00001098,Thomas Cromwell,noise,it_notice,(noise),No,,No,No,Mailbox Quota Warning Thy Coffer is 90 Full.eml,Mailbox Quota Warning: Thy Coffer is 90% Full
CROWN00001099,King Henry VIII,noise,spam_food,(noise),No,,No,No,NEW The Hampton Court Meat Feast Feeds a Whole Privy Council.eml,NEW: The Hampton Court Meat Feast (Feeds a Whole Privy Council)
CROWN00001100,Thomas Cromwell,routine,approval,(routine),No,,No,No,The progress to the tower of london.eml,The progress to the tower of london
CROWN00001101,Archbishop Thomas Cranmer,noise,spam_food,(noise),No,,No,No,Two Trenchers for One  This Sennight Only at Ye Olde Pizza H.eml,Two Trenchers for One — This Sennight Only at Ye Olde Pizza Hut
CROWN00001102,Thomas Cromwell,noise,newsletter,(noise),No,,No,No,Jousting Monthly Lists Lances  League Tables.eml,"Jousting Monthly: Lists, Lances & League Tables"
CROWN00001103,Thomas Cromwell,noise,calendar,(noise),No,,No,No,Invitation Coronation Banquet.eml,Invitation: Coronation Banquet
CROWN00001104,Archbishop Thomas Cranmer,noise,spam_scam,(noise),No,,No,No,CONGRATULATIONS  You Have Won the Royal Spanish Lottery 5000.eml,"CONGRATULATIONS — You Have Won the Royal Spanish Lottery (500,000 Ducats)"
CROWN00001105,Thomas Cromwell,loose,txt,(loose),No,,No,No,Hunting_Log_cromwell067.txt,Hunting Log
CROWN00001106,King Henry VIII,routine,report,(routine),No,,No,No,The ordnance survey.eml,The ordnance survey
CROWN00001107,Thomas Cromwell,noise,calendar,(noise),No,,No,No,Invitation Privy Council  Weekly Sitting.eml,Invitation: Privy Council — Weekly Sitting
CROWN00001108,Thomas Cromwell,noise,calendar,(noise),No,,No,No,invite.ics,Invitation — Privy Council — Weekly Sitting
CROWN00001109,Archbishop Thomas Cranmer,routine,request,(routine),No,,No,No,The muster of able men in surrey.eml,The muster of able men in surrey
CROWN00001110,Archbishop Thomas Cranmer,noise,spam_scam,(noise),No,,No,No,CONGRATULATIONS  You Have Won the Royal Spanish Lottery 5000.eml,"CONGRATULATIONS — You Have Won the Royal Spanish Lottery (500,000 Ducats)"
CROWN00001111,King Henry VIII,noise,newsletter,(noise),No,,No,No,Tudor Times Weekly  21 Nov 1537.eml,Tudor Times Weekly — 21 Nov 1537
CROWN00001112,King Henry VIII,loose,txt,(loose),No,,No,No,Hunting_Log_henry020.txt,Hunting Log
CROWN00001113,Archbishop Thomas Cranmer,routine,request,(routine),No,,No,No,The embassy to france.eml,The embassy to france
CROWN00001114,Archbishop Thomas Cranmer,routine,approval,(routine),No,,No,No,Re The embassy to france.eml,Re: The embassy to france
CROWN00001115,King Henry VIII,routine,logistics,(routine),No,,No,No,The repair of the great clock quarterly.eml,The repair of the great clock (quarterly)
CROWN00001116,King Henry VIII,routine,concern,(routine),No,,No,No,The wardrobe accounts  for approval.eml,The wardrobe accounts — for approval
CROWN00001117,King Henry VIII,noise,phishing,(noise),No,,No,No,URGENT Verify Thy Royal Account Within 24 Hours.eml,URGENT: Verify Thy Royal Account Within 24 Hours
CROWN00001118,King Henry VIII,routine,approval,(routine),No,,No,No,Re The repair of the great clock quarterly.eml,Re: The repair of the great clock (quarterly)
CROWN00001119,Thomas Cromwell,noise,newsletter,(noise),No,,No,No,Jousting Monthly Lists Lances  League Tables.eml,"Jousting Monthly: Lists, Lances & League Tables"
CROWN00001120,Thomas Cromwell,routine,concern,(routine),No,,No,No,Re the works at Greenwich Palace.eml,Re: the works at Greenwich Palace
CROWN00001121,Archbishop Thomas Cranmer,noise,it_notice,(noise),No,,No,No,Mailbox Quota Warning Thy Coffer is 90 Full.eml,Mailbox Quota Warning: Thy Coffer is 90% Full
CROWN00001122,Archbishop Thomas Cranmer,routine,approval,(routine),No,,No,No,Re the works at Greenwich Palace.eml,Re: the works at Greenwich Palace
CROWN00001123,Thomas Cromwell,routine,approval,(routine),No,,No,Yes,Re the works at Greenwich Palace.eml,Re: the works at Greenwich Palace
CROWN00001124,Thomas Cromwell,noise,spam_scam,(noise),No,,No,No,CONGRATULATIONS  You Have Won the Royal Spanish Lottery 5000.eml,"CONGRATULATIONS — You Have Won the Royal Spanish Lottery (500,000 Ducats)"
CROWN00001125,King Henry VIII,noise,phishing,(noise),No,,No,No,URGENT Verify Thy Royal Account Within 24 Hours.eml,URGENT: Verify Thy Royal Account Within 24 Hours
CROWN00001126,Thomas Cromwell,noise,it_notice,(noise),No,,No,No,Mailbox Quota Warning Thy Coffer is 90 Full.eml,Mailbox Quota Warning: Thy Coffer is 90% Full
CROWN00001127,King Henry VIII,routine,logistics,(routine),No,Confidential,No,No,The works at the palace of whitehall  for approval.eml,The works at the palace of whitehall — for approval
CROWN00001128,Thomas Cromwell,loose,png,(loose),No,,No,No,Portrait_cromwell022.png,Portrait of an Ambassador
CROWN00001129,Thomas Cromwell,loose,png,(loose),No,,No,No,Portrait_cromwell022_rev2.png,Portrait of an Ambassador (rev. 2)
CROWN00001130,King Henry VIII,routine,concern,(routine),No,,No,No,The embassy to france  for approval.eml,The embassy to france — for approval
CROWN00001131,Archbishop Thomas Cranmer,routine,concern,(routine),No,,No,No,Re the royal stables accounts.eml,Re: the royal stables accounts
CROWN00001132,Archbishop Thomas Cranmer,noise,it_notice,(noise),No,,No,No,Password Rotation Required Change Thy Cipher This Month.eml,Password Rotation Required: Change Thy Cipher This Month
CROWN00001133,King Henry VIII,narrative,dissolution,Dissolution,No,Confidential,No,No,Query on the disposal of Whitby Abbeys library.eml,Query on the disposal of Whitby Abbey's library
CROWN00001134,Thomas Cromwell,noise,spam_scam,(noise),No,,No,No,CONGRATULATIONS  You Have Won the Royal Spanish Lottery 5000.eml,"CONGRATULATIONS — You Have Won the Royal Spanish Lottery (500,000 Ducats)"
CROWN00001135,Archbishop Thomas Cranmer,narrative,dissolution,Dissolution,No,,No,No,Minutes touching the plate and ornaments of Lewes Priory.eml,Minutes touching the plate and ornaments of Lewes Priory
CROWN00001136,Archbishop Thomas Cranmer,narrative,dissolution,Dissolution,No,,No,No,Re Minutes touching the plate and ornaments of Lewes Priory.eml,Re: Minutes touching the plate and ornaments of Lewes Priory
CROWN00001137,Thomas Cromwell,narrative,dissolution,Dissolution,No,,No,No,the survey of Syon Abbey further to our last.eml,the survey of Syon Abbey (further to our last)
CROWN00001138,King Henry VIII,narrative,dissolution,Dissolution,No,,No,Yes,the survey of Syon Abbey further to our last.eml,the survey of Syon Abbey (further to our last)
CROWN00001139,King Henry VIII,narrative,dissolution,Dissolution,No,,No,No,Re the survey of Syon Abbey further to our last.eml,Re: the survey of Syon Abbey (further to our last)
CROWN00001140,Thomas Cromwell,routine,report,(routine),No,Confidential,No,No,The royal stables accounts quarterly.eml,The royal stables accounts (quarterly)
CROWN00001141,King Henry VIII,routine,report,(routine),No,Confidential,No,No,Note the Garter ceremony arrangements.eml,Note: the Garter ceremony arrangements
CROWN00001142,King Henry VIII,narrative,dissolution,Dissolution,No,,No,No,Concerning the disposal of Bury St Edmunds Abbeys library.eml,Concerning the disposal of Bury St Edmunds Abbey's library
CROWN00001143,King Henry VIII,noise,it_notice,(noise),No,,No,No,Mailbox Quota Warning Thy Coffer is 90 Full.eml,Mailbox Quota Warning: Thy Coffer is 90% Full
CROWN00001144,Thomas Cromwell,noise,spam_food,(noise),No,,No,No,NEW The Hampton Court Meat Feast Feeds a Whole Privy Council.eml,NEW: The Hampton Court Meat Feast (Feeds a Whole Privy Council)
CROWN00001145,King Henry VIII,noise,spam_scam,(noise),No,,No,No,CONGRATULATIONS  You Have Won the Royal Spanish Lottery 5000.eml,"CONGRATULATIONS — You Have Won the Royal Spanish Lottery (500,000 Ducats)"
CROWN00001146,Thomas Cromwell,routine,report,(routine),No,,No,No,Note the ordnance survey.eml,Note: the ordnance survey
CROWN00001147,Thomas Cromwell,routine,report,(routine),No,,No,No,WorkOrder_rtn-00745.docx,Work Order — the ordnance survey
CROWN00001148,Thomas Cromwell,routine,approval,(routine),No,,No,No,Re Note the ordnance survey.eml,Re: Note: the ordnance survey
CROWN00001149,Archbishop Thomas Cranmer,routine,request,(routine),No,,No,No,Note the wine shipment from Gascony.eml,Note: the wine shipment from Gascony
CROWN00001150,Thomas Cromwell,noise,spam_vendor,(noise),No,,No,No,New Leeches In Stock  Free Delivery on Tonics.eml,New Leeches In Stock + Free Delivery on Tonics
CROWN00001151,Thomas Cromwell,routine,logistics,(routine),No,,No,No,The subsidy assessment for hampshire  for approval.eml,The subsidy assessment for hampshire — for approval
CROWN00001152,Archbishop Thomas Cranmer,noise,newsletter,(noise),No,,No,No,Tudor Times Weekly  14 May 1538.eml,Tudor Times Weekly — 14 May 1538
CROWN00001153,Archbishop Thomas Cranmer,noise,newsletter,(noise),No,,No,No,Tudor_Times_Weekly.pdf,Tudor Times Weekly — Full Issue
CROWN00001154,Thomas Cromwell,routine,request,(routine),No,,No,No,The ordnance survey.eml,The ordnance survey
CROWN00001155,Thomas Cromwell,routine,request,(routine),No,,No,No,Report_rtn-00603.pdf,Report — the ordnance survey
CROWN00001156,King Henry VIII,noise,calendar,(noise),No,,No,No,Invitation Christmas Revels.eml,Invitation: Christmas Revels
CROWN00001157,Thomas Cromwell,noise,auto_reply,(noise),No,,No,No,Automatic reply The Ordnance Accounts.eml,Automatic reply: The Ordnance Accounts
CROWN00001158,King Henry VIII,noise,spam_food,(noise),No,,No,No,Hungry After the Hunt We Deliver to Every Palace.eml,Hungry After the Hunt? We Deliver to Every Palace
CROWN00001159,King Henry VIII,noise,bounce,(noise),No,,No,No,Undeliverable Repairs To The Royal Barge.eml,Undeliverable: Repairs To The Royal Barge
CROWN00001160,Archbishop Thomas Cranmer,noise,bounce,(noise),No,,No,No,Undeliverable The Harvest Levy.eml,Undeliverable: The Harvest Levy
CROWN00001161,Thomas Cromwell,noise,it_notice,(noise),No,,No,No,New Quill Procurement Policy  Effective Immediately.eml,New Quill Procurement Policy — Effective Immediately
CROWN00001162,King Henry VIII,routine,concern,(routine),No,,No,No,The victualling of the fleet  for approval.eml,The victualling of the fleet — for approval
CROWN00001163,Archbishop Thomas Cranmer,noise,it_notice,(noise),No,,No,No,Scheduled Maintenance The Royal Scriptorium Sunday 2am-6am.eml,"Scheduled Maintenance: The Royal Scriptorium (Sunday, 2am-6am)"
CROWN00001164,King Henry VIII,noise,it_notice,(noise),No,,No,No,Reminder Mandatory Doublet  Hose Compliance Training.eml,Reminder: Mandatory Doublet & Hose Compliance Training
CROWN00001165,Archbishop Thomas Cranmer,routine,concern,(routine),No,,No,No,The works at hever castle quarterly.eml,The works at hever castle (quarterly)
CROWN00001166,Archbishop Thomas Cranmer,routine,approval,(routine),No,,No,No,Re The works at hever castle quarterly.eml,Re: The works at hever castle (quarterly)
CROWN00001167,King Henry VIII,routine,request,(routine),No,,No,No,The new years gift roll  for approval.eml,The new year's gift roll — for approval
CROWN00001168,King Henry VIII,routine,request,(routine),No,,No,No,WorkOrder_rtn-00865.docx,Work Order — the New Year's gift roll
CROWN00001169,King Henry VIII,routine,approval,(routine),No,,No,No,Re The new years gift roll  for approval.eml,Re: The new year's gift roll — for approval
CROWN00001170,King Henry VIII,noise,calendar,(noise),No,,No,No,Invitation Attendance Requested at Tower Green 9 oclock.eml,"Invitation: Attendance Requested at Tower Green, 9 o'clock"
CROWN00001171,King Henry VIII,noise,calendar,(noise),No,,No,No,invite.ics,"Invitation — Attendance Requested at Tower Green, 9 o'clock"
CROWN00001172,Archbishop Thomas Cranmer,noise,bounce,(noise),No,,No,No,Undeliverable The New Coinage.eml,Undeliverable: The New Coinage
CROWN00001173,Thomas Cromwell,routine,request,(routine),No,,No,No,Note the purveyance of venison.eml,Note: the purveyance of venison
CROWN00001174,Thomas Cromwell,noise,it_notice,(noise),No,,No,No,Reminder Mandatory Doublet  Hose Compliance Training.eml,Reminder: Mandatory Doublet & Hose Compliance Training
CROWN00001175,Archbishop Thomas Cranmer,noise,auto_reply,(noise),No,,No,No,Automatic reply The Muster Of Able Men.eml,Automatic reply: The Muster Of Able Men
CROWN00001176,Thomas Cromwell,noise,spam_food,(noise),No,,No,No,Two Trenchers for One  This Sennight Only at Ye Olde Pizza H.eml,Two Trenchers for One — This Sennight Only at Ye Olde Pizza Hut
CROWN00001177,Thomas Cromwell,noise,it_notice,(noise),No,,No,No,Reminder Mandatory Doublet  Hose Compliance Training.eml,Reminder: Mandatory Doublet & Hose Compliance Training
CROWN00001178,King Henry VIII,noise,auto_reply,(noise),No,,No,No,Automatic reply The Wool Staple At Calais.eml,Automatic reply: The Wool Staple At Calais
CROWN00001179,Thomas Cromwell,loose,xlsx,(loose),No,Confidential,No,No,Treasury_Ledger_1538_Michaelmas_cromwell034.xlsx,Treasury Ledger — Michaelmas 1538
CROWN00001180,Thomas Cromwell,noise,bounce,(noise),No,,No,No,Undeliverable The Subsidy Roll.eml,Undeliverable: The Subsidy Roll
CROWN00001181,King Henry VIII,noise,calendar,(noise),No,,No,No,Invitation Garter Ceremony.eml,Invitation: Garter Ceremony
CROWN00001182,King Henry VIII,noise,calendar,(noise),No,,No,No,invite.ics,Invitation — Garter Ceremony
CROWN00001183,King Henry VIII,noise,auto_reply,(noise),No,,No,No,Automatic reply The Progress Itinerary.eml,Automatic reply: The Progress Itinerary
CROWN00001184,King Henry VIII,narrative,dissolution,Dissolution,No,,No,No,Minutes touching the pensions of the religious.eml,Minutes touching the pensions of the religious
CROWN00001185,King Henry VIII,routine,request,(routine),No,Confidential,No,No,Note the wardrobe accounts.eml,Note: the wardrobe accounts
CROWN00001186,Thomas Cromwell,routine,concern,(routine),No,,No,No,The subsidy assessment for essex quarterly.eml,The subsidy assessment for essex (quarterly)
CROWN00001187,Thomas Cromwell,routine,concern,(routine),No,,No,No,WorkOrder_rtn-00520.docx,Work Order — the subsidy assessment for Essex
CROWN00001188,King Henry VIII,noise,spam_food,(noise),No,,No,No,Lenten Special  No Meat Much Cheese Still Glorious.eml,"Lenten Special — No Meat, Much Cheese, Still Glorious"
CROWN00001189,Archbishop Thomas Cranmer,routine,report,(routine),No,,No,No,The embassy to france quarterly.eml,The embassy to france (quarterly)
CROWN00001190,Thomas Cromwell,routine,request,(routine),No,Confidential,No,No,Re the masque costumes.eml,Re: the masque costumes
CROWN00001191,Archbishop Thomas Cranmer,loose,docx,(loose),No,,No,No,Draft_Proclamation_cranmer064.docx,Draft Proclamation touching the Scottish border
CROWN00001192,Archbishop Thomas Cranmer,noise,newsletter,(noise),No,,No,No,Jousting Monthly Lists Lances  League Tables.eml,"Jousting Monthly: Lists, Lances & League Tables"
CROWN00001193,King Henry VIII,routine,report,(routine),No,Confidential,No,No,Note the royal barge repairs.eml,Note: the royal barge repairs
CROWN00001194,King Henry VIII,routine,report,(routine),No,,No,No,Report_rtn-00553.pdf,Report — the royal barge repairs
CROWN00001195,King Henry VIII,routine,approval,(routine),No,,No,No,Re Note the royal barge repairs.eml,Re: Note: the royal barge repairs
CROWN00001196,Thomas Cromwell,noise,spam_food,(noise),No,,No,No,NEW The Hampton Court Meat Feast Feeds a Whole Privy Council.eml,NEW: The Hampton Court Meat Feast (Feeds a Whole Privy Council)
CROWN00001197,Archbishop Thomas Cranmer,noise,spam_scam,(noise),No,,No,No,CONGRATULATIONS  You Have Won the Royal Spanish Lottery 5000.eml,"CONGRATULATIONS — You Have Won the Royal Spanish Lottery (500,000 Ducats)"
CROWN00001198,Thomas Cromwell,noise,phishing,(noise),No,,No,No,URGENT Verify Thy Royal Account Within 24 Hours.eml,URGENT: Verify Thy Royal Account Within 24 Hours
CROWN00001199,Archbishop Thomas Cranmer,noise,calendar,(noise),No,,No,No,Invitation Privy Council  Weekly Sitting.eml,Invitation: Privy Council — Weekly Sitting
CROWN00001200,King Henry VIII,routine,concern,(routine),No,Confidential,No,No,The progress to hampton court palace  for approval.eml,The progress to hampton court palace — for approval
CROWN00001201,King Henry VIII,noise,newsletter,(noise),No,,No,No,Tudor Times Weekly  21 Feb 1539.eml,Tudor Times Weekly — 21 Feb 1539
CROWN00001202,King Henry VIII,noise,newsletter,(noise),No,,No,No,Tudor_Times_Weekly.pdf,Tudor Times Weekly — Full Issue
CROWN00001203,Thomas Cromwell,routine,report,(routine),No,,No,No,Note the Garter ceremony arrangements.eml,Note: the Garter ceremony arrangements
CROWN00001204,Thomas Cromwell,routine,report,(routine),No,,No,No,WorkOrder_rtn-00825.docx,Work Order — the Garter ceremony arrangements
CROWN00001205,Thomas Cromwell,noise,calendar,(noise),No,,No,No,Invitation Garter Ceremony.eml,Invitation: Garter Ceremony
CROWN00001206,Archbishop Thomas Cranmer,loose,xlsx,(loose),No,Confidential,No,No,Treasury_Ledger_1539_Lady Day_cranmer072.xlsx,Treasury Ledger — Lady Day 1539
CROWN00001207,King Henry VIII,noise,spam_food,(noise),No,,No,No,Lenten Special  No Meat Much Cheese Still Glorious.eml,"Lenten Special — No Meat, Much Cheese, Still Glorious"
CROWN00001208,Archbishop Thomas Cranmer,noise,it_notice,(noise),No,,No,No,Password Rotation Required Change Thy Cipher This Month.eml,Password Rotation Required: Change Thy Cipher This Month
CROWN00001209,Archbishop Thomas Cranmer,narrative,dissolution,Dissolution,No,,No,No,the lead and bells of Furness Abbey an update.eml,the lead and bells of Furness Abbey: an update
CROWN00001210,Archbishop Thomas Cranmer,routine,report,(routine),No,,No,No,The wardrobe accounts  for approval.eml,The wardrobe accounts — for approval
CROWN00001211,Archbishop Thomas Cranmer,routine,approval,(routine),No,,No,No,Re The wardrobe accounts  for approval.eml,Re: The wardrobe accounts — for approval
CROWN00001212,Thomas Cromwell,noise,bounce,(noise),No,,No,No,Undeliverable The Subsidy Roll.eml,Undeliverable: The Subsidy Roll
CROWN00001213,King Henry VIII,routine,request,(routine),No,,No,No,The garter ceremony arrangements  for approval.eml,The garter ceremony arrangements — for approval
CROWN00001214,King Henry VIII,routine,report,(routine),No,,No,No,The kitchen accounts for the quarter  for approval.eml,The kitchen accounts for the quarter — for approval
CROWN00001215,King Henry VIII,routine,approval,(routine),No,,No,No,Re The kitchen accounts for the quarter  for approval.eml,Re: The kitchen accounts for the quarter — for approval
CROWN00001216,Thomas Cromwell,noise,it_notice,(noise),No,,No,No,Mailbox Quota Warning Thy Coffer is 90 Full.eml,Mailbox Quota Warning: Thy Coffer is 90% Full
CROWN00001217,King Henry VIII,routine,request,(routine),No,,No,No,The ordnance survey quarterly.eml,The ordnance survey (quarterly)
CROWN00001218,Thomas Cromwell,routine,logistics,(routine),No,,No,No,The progress to richmond palace.eml,The progress to richmond palace
CROWN00001219,Thomas Cromwell,loose,png,(loose),No,,No,No,Plan_cromwell009.png,Plan of Nonsuch Palace
CROWN00001220,Archbishop Thomas Cranmer,noise,spam_food,(noise),No,,No,No,NEW The Hampton Court Meat Feast Feeds a Whole Privy Council.eml,NEW: The Hampton Court Meat Feast (Feeds a Whole Privy Council)
CROWN00001221,Archbishop Thomas Cranmer,noise,bounce,(noise),No,,No,No,Undeliverable The Muster Of Able Men.eml,Undeliverable: The Muster Of Able Men
CROWN00001222,Thomas Cromwell,noise,bounce,(noise),No,,No,No,Undeliverable The Scottish Border.eml,Undeliverable: The Scottish Border
CROWN00001223,Thomas Cromwell,noise,calendar,(noise),No,,No,No,Invitation Coronation Banquet.eml,Invitation: Coronation Banquet
CROWN00001224,Thomas Cromwell,noise,calendar,(noise),No,,No,No,invite.ics,Invitation — Coronation Banquet
CROWN00001225,King Henry VIII,routine,logistics,(routine),No,,No,No,The victualling of the fleet quarterly.eml,The victualling of the fleet (quarterly)
CROWN00001226,King Henry VIII,routine,approval,(routine),No,,No,No,Re The victualling of the fleet quarterly.eml,Re: The victualling of the fleet (quarterly)
CROWN00001227,Thomas Cromwell,narrative,cleves,Cleves,No,,No,No,A word about the marriage treaty.eml,A word about the marriage treaty
CROWN00001228,Archbishop Thomas Cranmer,narrative,cleves,Cleves,No,,No,No,Re A word about the marriage treaty.eml,Re: A word about the marriage treaty
CROWN00001229,Thomas Cromwell,narrative,cleves,Cleves,No,,No,Yes,Re A word about the marriage treaty.eml,Re: A word about the marriage treaty
CROWN00001230,Archbishop Thomas Cranmer,routine,logistics,(routine),No,,No,No,Re the New Years gift roll.eml,Re: the New Year's gift roll
CROWN00001231,Archbishop Thomas Cranmer,routine,approval,(routine),No,,No,No,Re the New Years gift roll.eml,Re: the New Year's gift roll
CROWN00001232,Thomas Cromwell,routine,concern,(routine),No,,No,No,The royal barge repairs.eml,The royal barge repairs
CROWN00001233,Thomas Cromwell,routine,approval,(routine),No,,No,No,Re The royal barge repairs.eml,Re: The royal barge repairs
CROWN00001234,Archbishop Thomas Cranmer,noise,calendar,(noise),No,,No,No,Invitation Coronation Banquet.eml,Invitation: Coronation Banquet
CROWN00001235,King Henry VIII,routine,request,(routine),No,,No,No,Note the Garter ceremony arrangements.eml,Note: the Garter ceremony arrangements
CROWN00001236,Thomas Cromwell,noise,spam_food,(noise),No,,No,No,Hungry After the Hunt We Deliver to Every Palace.eml,Hungry After the Hunt? We Deliver to Every Palace
CROWN00001237,Thomas Cromwell,loose,png,(loose),No,,No,No,Plan_cromwell029.png,Plan of Nonsuch Palace
CROWN00001238,Archbishop Thomas Cranmer,narrative,dissolution,Dissolution,No,,No,No,Minutes touching the lead and bells of Tintern Abbey.eml,Minutes touching the lead and bells of Tintern Abbey
CROWN00001239,Archbishop Thomas Cranmer,narrative,dissolution,Dissolution,No,,No,No,Schedule_dissolution_nar-00161.xlsx,Schedule — the lead and bells of Tintern Abbey
CROWN00001240,Thomas Cromwell,noise,spam_vendor,(noise),No,,No,No,New Leeches In Stock  Free Delivery on Tonics.eml,New Leeches In Stock + Free Delivery on Tonics
CROWN00001241,King Henry VIII,loose,png,(loose),No,,No,No,Portrait_henry109.png,Portrait of a Young Princess
CROWN00001242,Archbishop Thomas Cranmer,loose,docx,(loose),No,,No,No,Draft_Proclamation_cranmer083.docx,Draft Proclamation touching the new coinage
CROWN00001243,Thomas Cromwell,noise,spam_scam,(noise),No,,No,No,CONGRATULATIONS  You Have Won the Royal Spanish Lottery 5000.eml,"CONGRATULATIONS — You Have Won the Royal Spanish Lottery (500,000 Ducats)"
CROWN00001244,Thomas Cromwell,narrative,dissolution,Dissolution,No,,No,No,A word about the Court of Augmentations accounts.eml,A word about the Court of Augmentations accounts
CROWN00001245,Thomas Cromwell,narrative,dissolution,Dissolution,No,,No,No,Re A word about the Court of Augmentations accounts.eml,Re: A word about the Court of Augmentations accounts
CROWN00001246,Thomas Cromwell,narrative,cleves,Cleves,No,,No,No,Minutes touching the marriage treaty.eml,Minutes touching the marriage treaty
CROWN00001247,King Henry VIII,noise,phishing,(noise),No,,No,No,URGENT Verify Thy Royal Account Within 24 Hours.eml,URGENT: Verify Thy Royal Account Within 24 Hours
CROWN00001248,Archbishop Thomas Cranmer,noise,it_notice,(noise),No,,No,No,New Quill Procurement Policy  Effective Immediately.eml,New Quill Procurement Policy — Effective Immediately
CROWN00001249,Thomas Cromwell,narrative,cleves,Cleves,No,Confidential,No,No,A most advantageous match  portrait enclosed.eml,A most advantageous match — portrait enclosed
CROWN00001250,Thomas Cromwell,narrative,cleves,Cleves,No,,No,No,Portrait_Anne_of_Cleves_Holbein.png,Portrait of the Lady Anne of Cleves
CROWN00001251,Archbishop Thomas Cranmer,loose,pdf,(loose),No,,No,No,Survey_cranmer096.pdf,Survey of Eltham Palace
CROWN00001252,Archbishop Thomas Cranmer,narrative,dissolution,Dissolution,No,Confidential,No,No,Minutes touching the Court of Augmentations accounts.eml,Minutes touching the Court of Augmentations accounts
CROWN00001253,Archbishop Thomas Cranmer,narrative,cleves,Cleves,No,Internal - Privy Council,No,No,Concerning the ladys reception at Greenwich.eml,Concerning the lady's reception at Greenwich
CROWN00001254,King Henry VIII,narrative,cleves,Cleves,No,Internal - Privy Council,No,Yes,Concerning the ladys reception at Greenwich.eml,Concerning the lady's reception at Greenwich
CROWN00001255,Thomas Cromwell,narrative,cleves,Cleves,No,,No,No,Query on the ladys English household.eml,Query on the lady's English household
CROWN00001256,King Henry VIII,narrative,cleves,Cleves,No,,No,No,Re Query on the ladys English household.eml,Re: Query on the lady's English household
CROWN00001257,King Henry VIII,noise,newsletter,(noise),No,,No,No,Tudor Times Weekly  27 Aug 1539.eml,Tudor Times Weekly — 27 Aug 1539
CROWN00001258,Archbishop Thomas Cranmer,narrative,dissolution,Dissolution,No,,No,No,Re Minutes touching the Court of Augmentations accounts.eml,Re: Minutes touching the Court of Augmentations accounts
CROWN00001259,Thomas Cromwell,routine,concern,(routine),No,,No,No,Re the Christmas revels.eml,Re: the Christmas revels
CROWN00001260,Thomas Cromwell,routine,concern,(routine),No,,No,No,The purveyance of venison quarterly.eml,The purveyance of venison (quarterly)
CROWN00001261,Thomas Cromwell,noise,spam_food,(noise),No,,No,No,Two Trenchers for One  This Sennight Only at Ye Olde Pizza H.eml,Two Trenchers for One — This Sennight Only at Ye Olde Pizza Hut
CROWN00001262,Thomas Cromwell,routine,request,(routine),No,,No,No,The works at hampton court palace.eml,The works at hampton court palace
CROWN00001263,Thomas Cromwell,routine,approval,(routine),No,,No,No,Re The purveyance of venison quarterly.eml,Re: The purveyance of venison (quarterly)
CROWN00001264,Thomas Cromwell,narrative,cleves,Cleves,No,Internal - Privy Council,No,No,Minutes touching the Cleves alliance.eml,Minutes touching the Cleves alliance
CROWN00001265,Archbishop Thomas Cranmer,narrative,dissolution,Dissolution,No,Confidential,No,No,Minutes touching the plate and ornaments of Furness Abbey.eml,Minutes touching the plate and ornaments of Furness Abbey
CROWN00001266,Archbishop Thomas Cranmer,narrative,dissolution,Dissolution,No,,No,No,Schedule_dissolution_nar-00155.xlsx,Schedule — the plate and ornaments of Furness Abbey
CROWN00001267,King Henry VIII,noise,newsletter,(noise),No,,No,No,Tudor Times Weekly  05 Sep 1539.eml,Tudor Times Weekly — 05 Sep 1539
CROWN00001268,Thomas Cromwell,narrative,cleves,Cleves,No,,No,No,Re Minutes touching the Cleves alliance.eml,Re: Minutes touching the Cleves alliance
CROWN00001269,Archbishop Thomas Cranmer,narrative,dissolution,Dissolution,No,,No,No,Re Minutes touching the plate and ornaments of Furness Abbey.eml,Re: Minutes touching the plate and ornaments of Furness Abbey
CROWN00001270,King Henry VIII,routine,request,(routine),No,,No,No,The progress to hampton court palace quarterly.eml,The progress to hampton court palace (quarterly)
CROWN00001271,King Henry VIII,noise,phishing,(noise),No,,No,No,URGENT Verify Thy Royal Account Within 24 Hours.eml,URGENT: Verify Thy Royal Account Within 24 Hours
CROWN00001272,Thomas Cromwell,narrative,dissolution,Dissolution,No,,No,No,A word about the lead and bells of Whitby Abbey.eml,A word about the lead and bells of Whitby Abbey
CROWN00001273,Thomas Cromwell,narrative,cleves,Cleves,No,Confidential,No,No,the ladys English household  for your consideration.eml,the lady's English household — for your consideration
CROWN00001274,Archbishop Thomas Cranmer,narrative,cleves,Cleves,No,Confidential,No,Yes,the ladys English household  for your consideration.eml,the lady's English household — for your consideration
CROWN00001275,Thomas Cromwell,noise,bounce,(noise),No,,No,No,Undeliverable The Ordnance Accounts.eml,Undeliverable: The Ordnance Accounts
CROWN00001276,Thomas Cromwell,noise,spam_food,(noise),No,,No,No,Two Trenchers for One  This Sennight Only at Ye Olde Pizza H.eml,Two Trenchers for One — This Sennight Only at Ye Olde Pizza Hut
CROWN00001277,Archbishop Thomas Cranmer,narrative,dissolution,Dissolution,No,,No,No,Concerning the sale of abbey lands.eml,Concerning the sale of abbey lands
CROWN00001278,Thomas Cromwell,noise,it_notice,(noise),No,,No,No,Mailbox Quota Warning Thy Coffer is 90 Full.eml,Mailbox Quota Warning: Thy Coffer is 90% Full
CROWN00001279,Archbishop Thomas Cranmer,noise,newsletter,(noise),No,,No,No,Tudor Times Weekly  26 Sep 1539.eml,Tudor Times Weekly — 26 Sep 1539
CROWN00001280,Archbishop Thomas Cranmer,noise,newsletter,(noise),No,,No,No,Tudor_Times_Weekly.pdf,Tudor Times Weekly — Full Issue
CROWN00001281,Thomas Cromwell,routine,report,(routine),No,,No,No,Note the royal stables accounts.eml,Note: the royal stables accounts
CROWN00001282,Archbishop Thomas Cranmer,noise,spam_scam,(noise),No,,No,No,CONGRATULATIONS  You Have Won the Royal Spanish Lottery 5000.eml,"CONGRATULATIONS — You Have Won the Royal Spanish Lottery (500,000 Ducats)"
CROWN00001283,King Henry VIII,routine,approval,(routine),No,,No,No,Note the royal barge repairs.eml,Note: the royal barge repairs
CROWN00001284,King Henry VIII,narrative,dissolution,Dissolution,No,,No,No,Note on the pensions of the religious.eml,Note on the pensions of the religious
CROWN00001285,King Henry VIII,narrative,dissolution,Dissolution,No,,No,No,Notes_dissolution_nar-00133.docx,Notes on the pensions of the religious
CROWN00001286,King Henry VIII,noise,bounce,(noise),No,,No,No,Undeliverable The Subsidy Roll.eml,Undeliverable: The Subsidy Roll
CROWN00001287,Thomas Cromwell,noise,calendar,(noise),No,,No,No,Invitation Attendance Requested at Tower Green 9 oclock.eml,"Invitation: Attendance Requested at Tower Green, 9 o'clock"
CROWN00001288,Thomas Cromwell,noise,calendar,(noise),No,,No,No,invite.ics,"Invitation — Attendance Requested at Tower Green, 9 o'clock"
CROWN00001289,Archbishop Thomas Cranmer,noise,spam_food,(noise),No,,No,No,Lenten Special  No Meat Much Cheese Still Glorious.eml,"Lenten Special — No Meat, Much Cheese, Still Glorious"
CROWN00001290,King Henry VIII,routine,report,(routine),No,,No,No,Re the subsidy assessment for Hampshire.eml,Re: the subsidy assessment for Hampshire
CROWN00001291,King Henry VIII,narrative,dissolution,Dissolution,No,Internal - Privy Council,No,No,the survey of Tintern Abbey an update.eml,the survey of Tintern Abbey: an update
CROWN00001292,Archbishop Thomas Cranmer,noise,newsletter,(noise),No,,No,No,Tudor Times Weekly  01 Nov 1539.eml,Tudor Times Weekly — 01 Nov 1539
CROWN00001293,Archbishop Thomas Cranmer,narrative,cleves,Cleves,No,Internal - Privy Council,No,No,the ladys reception at Greenwich  for your consideration.eml,the lady's reception at Greenwich — for your consideration
CROWN00001294,King Henry VIII,narrative,dissolution,Dissolution,No,,No,No,Re the survey of Tintern Abbey an update.eml,Re: the survey of Tintern Abbey: an update
CROWN00001295,Archbishop Thomas Cranmer,noise,it_notice,(noise),No,,No,No,Scheduled Maintenance The Royal Scriptorium Sunday 2am-6am.eml,"Scheduled Maintenance: The Royal Scriptorium (Sunday, 2am-6am)"
CROWN00001296,Thomas Cromwell,noise,it_notice,(noise),No,,No,No,Password Rotation Required Change Thy Cipher This Month.eml,Password Rotation Required: Change Thy Cipher This Month
CROWN00001297,Archbishop Thomas Cranmer,loose,pdf,(loose),No,,No,No,Survey_cranmer107.pdf,Survey of the Palace of Whitehall
CROWN00001298,Thomas Cromwell,routine,concern,(routine),No,,No,No,Re the kitchen accounts for the quarter.eml,Re: the kitchen accounts for the quarter
CROWN00001299,King Henry VIII,routine,request,(routine),No,,No,No,The royal stables accounts.eml,The royal stables accounts
CROWN00001300,King Henry VIII,routine,approval,(routine),No,,No,No,Re The royal stables accounts.eml,Re: The royal stables accounts
CROWN00001301,King Henry VIII,narrative,cleves,Cleves,No,,No,No,Note on the marriage treaty.eml,Note on the marriage treaty
CROWN00001302,Archbishop Thomas Cranmer,noise,spam_vendor,(noise),No,,No,No,Tapestries Half Price  This Quarter Only.eml,Tapestries Half Price — This Quarter Only
CROWN00001303,Thomas Cromwell,narrative,cleves,Cleves,No,,No,No,the German envoys  action required.eml,the German envoys — action required
CROWN00001304,Thomas Cromwell,narrative,dissolution,Dissolution,No,,No,No,the surrender of Glastonbury Abbey an update.eml,the surrender of Glastonbury Abbey: an update
CROWN00001305,King Henry VIII,narrative,dissolution,Dissolution,No,,No,No,Re the surrender of Glastonbury Abbey an update.eml,Re: the surrender of Glastonbury Abbey: an update
CROWN00001306,Thomas Cromwell,narrative,dissolution,Dissolution,No,,No,Yes,Re the surrender of Glastonbury Abbey an update.eml,Re: the surrender of Glastonbury Abbey: an update
CROWN00001307,King Henry VIII,narrative,cleves,Cleves,Yes,Confidential,No,No,Re A most advantageous match  portrait enclosed.eml,Re: A most advantageous match — portrait enclosed
CROWN00001308,Thomas Cromwell,narrative,cleves,Cleves,Yes,Confidential,No,Yes,Re A most advantageous match  portrait enclosed.eml,Re: A most advantageous match — portrait enclosed
CROWN00001309,King Henry VIII,narrative,dissolution,Dissolution,No,Confidential,No,No,the lead and bells of Whitby Abbey  for your consideration.eml,the lead and bells of Whitby Abbey — for your consideration
CROWN00001310,Thomas Cromwell,narrative,cleves,Cleves,No,,No,No,Note on the Cleves alliance.eml,Note on the Cleves alliance
CROWN00001311,Thomas Cromwell,routine,report,(routine),No,Confidential,No,No,The subsidy assessment for somerset quarterly.eml,The subsidy assessment for somerset (quarterly)
CROWN00001312,Thomas Cromwell,routine,approval,(routine),No,,No,No,Re The subsidy assessment for somerset quarterly.eml,Re: The subsidy assessment for somerset (quarterly)
CROWN00001313,Thomas Cromwell,narrative,cleves,Cleves,No,Confidential,No,No,the annulment terms  for your consideration.eml,the annulment terms — for your consideration
CROWN00001314,Thomas Cromwell,narrative,cleves,Cleves,No,,No,No,Notes_cleves_nar-00178.docx,Notes on the annulment terms
CROWN00001315,King Henry VIII,narrative,cleves,Cleves,No,Confidential,No,No,Query on the Cleves alliance.eml,Query on the Cleves alliance
CROWN00001316,Thomas Cromwell,narrative,cleves,Cleves,No,,No,No,Re Query on the Cleves alliance.eml,Re: Query on the Cleves alliance
CROWN00001317,Thomas Cromwell,narrative,dissolution,Dissolution,No,,No,No,Concerning the Court of Augmentations accounts.eml,Concerning the Court of Augmentations accounts
CROWN00001318,Thomas Cromwell,narrative,dissolution,Dissolution,No,,No,No,Schedule_dissolution_nar-00172.xlsx,Schedule — the Court of Augmentations accounts
CROWN00001319,King Henry VIII,routine,report,(routine),No,Confidential,No,No,Note the subsidy assessment for Surrey.eml,Note: the subsidy assessment for Surrey
CROWN00001320,King Henry VIII,noise,newsletter,(noise),No,,No,No,Tudor Times Weekly  24 Jan 1540.eml,Tudor Times Weekly — 24 Jan 1540
CROWN00001321,King Henry VIII,noise,newsletter,(noise),No,,No,No,Jousting Monthly Lists Lances  League Tables.eml,"Jousting Monthly: Lists, Lances & League Tables"
CROWN00001322,King Henry VIII,routine,approval,(routine),No,,No,No,Re Note the subsidy assessment for Surrey.eml,Re: Note: the subsidy assessment for Surrey
CROWN00001323,King Henry VIII,narrative,cleves,Cleves,No,,No,No,the Cleves alliance an update.eml,the Cleves alliance: an update
CROWN00001324,King Henry VIII,narrative,cleves,Cleves,No,,No,No,Re the Cleves alliance an update.eml,Re: the Cleves alliance: an update
CROWN00001325,King Henry VIII,routine,concern,(routine),No,Confidential,No,No,Re the masque costumes.eml,Re: the masque costumes
CROWN00001326,Archbishop Thomas Cranmer,noise,spam_food,(noise),No,,No,No,Hungry After the Hunt We Deliver to Every Palace.eml,Hungry After the Hunt? We Deliver to Every Palace
CROWN00001327,Archbishop Thomas Cranmer,noise,auto_reply,(noise),No,,No,No,Automatic reply The Christmas Revels.eml,Automatic reply: The Christmas Revels
CROWN00001328,Thomas Cromwell,loose,xlsx,(loose),No,Confidential,No,No,Inventory_JewelHouse_cromwell018.xlsx,Inventory of the Jewel House
CROWN00001329,Archbishop Thomas Cranmer,noise,newsletter,(noise),No,,No,No,Tudor Times Weekly  25 Feb 1540.eml,Tudor Times Weekly — 25 Feb 1540
CROWN00001330,Thomas Cromwell,loose,png,(loose),No,,No,No,Plan_cromwell032.png,Plan of the Palace of Whitehall
CROWN00001331,Archbishop Thomas Cranmer,noise,auto_reply,(noise),No,,No,No,Automatic reply The Progress Itinerary.eml,Automatic reply: The Progress Itinerary
CROWN00001332,Thomas Cromwell,narrative,dissolution,Dissolution,No,Confidential,No,No,Receipts to date  Augmentations.eml,Receipts to date — Augmentations
CROWN00001333,Thomas Cromwell,narrative,dissolution,Dissolution,No,Confidential,No,No,Treasury_Receipts_Augmentations.pdf,Court of Augmentations — Receipts to Date
CROWN00001334,King Henry VIII,narrative,dissolution,Dissolution,No,Confidential,No,Yes,Receipts to date  Augmentations.eml,Receipts to date — Augmentations
CROWN00001335,King Henry VIII,narrative,dissolution,Dissolution,No,Confidential,No,Yes,Treasury_Receipts_Augmentations.pdf,Court of Augmentations — Receipts to Date
CROWN00001336,King Henry VIII,noise,calendar,(noise),No,,No,No,Invitation Christmas Revels.eml,Invitation: Christmas Revels
CROWN00001337,King Henry VIII,noise,it_notice,(noise),No,,No,No,Reminder Mandatory Doublet  Hose Compliance Training.eml,Reminder: Mandatory Doublet & Hose Compliance Training
CROWN00001338,Thomas Cromwell,loose,xlsx,(loose),No,Confidential,No,No,Inventory_JewelHouse_cromwell018_rev2.xlsx,Inventory of the Jewel House (rev. 2)
CROWN00001339,King Henry VIII,narrative,cleves,Cleves,No,,No,No,the German envoys  action required.eml,the German envoys — action required
CROWN00001340,Archbishop Thomas Cranmer,noise,it_notice,(noise),No,,No,No,New Quill Procurement Policy  Effective Immediately.eml,New Quill Procurement Policy — Effective Immediately
CROWN00001341,Archbishop Thomas Cranmer,noise,it_notice,(noise),No,,No,No,Quill_Procurement_Policy_Q-1536.docx,Quill Procurement Policy (Form Q-1536)
CROWN00001342,Archbishop Thomas Cranmer,narrative,cleves,Cleves,No,,No,No,Note on the German envoys.eml,Note on the German envoys
CROWN00001343,Archbishop Thomas Cranmer,narrative,cleves,Cleves,No,,No,No,Re Note on the German envoys.eml,Re: Note on the German envoys
CROWN00001344,King Henry VIII,narrative,dissolution,Dissolution,No,,No,No,the disposal of Walsingham Priorys library  action required.eml,the disposal of Walsingham Priory's library — action required
CROWN00001345,Archbishop Thomas Cranmer,routine,concern,(routine),No,,No,No,Note the Christmas revels.eml,Note: the Christmas revels
CROWN00001346,Archbishop Thomas Cranmer,routine,concern,(routine),No,,No,No,WorkOrder_rtn-00606.docx,Work Order — the Christmas revels
CROWN00001347,King Henry VIII,noise,it_notice,(noise),No,,No,No,Mailbox Quota Warning Thy Coffer is 90 Full.eml,Mailbox Quota Warning: Thy Coffer is 90% Full
CROWN00001348,Archbishop Thomas Cranmer,noise,spam_scam,(noise),No,,No,No,CONGRATULATIONS  You Have Won the Royal Spanish Lottery 5000.eml,"CONGRATULATIONS — You Have Won the Royal Spanish Lottery (500,000 Ducats)"
CROWN00001349,Thomas Cromwell,noise,newsletter,(noise),No,,No,No,Tudor Times Weekly  05 Apr 1540.eml,Tudor Times Weekly — 05 Apr 1540
CROWN00001350,Thomas Cromwell,noise,it_notice,(noise),No,,No,No,Password Rotation Required Change Thy Cipher This Month.eml,Password Rotation Required: Change Thy Cipher This Month
CROWN00001351,Thomas Cromwell,noise,newsletter,(noise),No,,No,No,Tudor Times Weekly  15 Apr 1540.eml,Tudor Times Weekly — 15 Apr 1540
CROWN00001352,Thomas Cromwell,noise,newsletter,(noise),No,,No,No,Tudor_Times_Weekly.pdf,Tudor Times Weekly — Full Issue
CROWN00001353,King Henry VIII,noise,auto_reply,(noise),No,,No,No,Automatic reply The Ordnance Accounts.eml,Automatic reply: The Ordnance Accounts
CROWN00001354,Archbishop Thomas Cranmer,narrative,cleves,Cleves,No,,No,No,A word about the ladys English household.eml,A word about the lady's English household
CROWN00001355,King Henry VIII,noise,calendar,(noise),No,,No,No,Invitation Attendance Requested at Tower Green 9 oclock.eml,"Invitation: Attendance Requested at Tower Green, 9 o'clock"
CROWN00001356,Thomas Cromwell,noise,spam_food,(noise),No,,No,No,Hungry After the Hunt We Deliver to Every Palace.eml,Hungry After the Hunt? We Deliver to Every Palace
CROWN00001357,Archbishop Thomas Cranmer,narrative,cleves,Cleves,No,Confidential,No,No,the ladys reception at Greenwich  action required.eml,the lady's reception at Greenwich — action required
CROWN00001358,Archbishop Thomas Cranmer,noise,spam_food,(noise),No,,No,No,Lenten Special  No Meat Much Cheese Still Glorious.eml,"Lenten Special — No Meat, Much Cheese, Still Glorious"
CROWN00001359,King Henry VIII,noise,it_notice,(noise),No,,No,No,New Quill Procurement Policy  Effective Immediately.eml,New Quill Procurement Policy — Effective Immediately
CROWN00001360,King Henry VIII,noise,it_notice,(noise),No,,No,No,Quill_Procurement_Policy_Q-1536.docx,Quill Procurement Policy (Form Q-1536)
CROWN00001361,Archbishop Thomas Cranmer,routine,approval,(routine),No,,No,No,Note the royal stables accounts.eml,Note: the royal stables accounts
CROWN00001362,Thomas Cromwell,noise,bounce,(noise),No,,No,No,Undeliverable The Wool Staple At Calais.eml,Undeliverable: The Wool Staple At Calais
CROWN00001363,Thomas Cromwell,routine,approval,(routine),No,,No,No,The masque costumes quarterly.eml,The masque costumes (quarterly)
CROWN00001364,Thomas Cromwell,routine,approval,(routine),No,,No,No,Re The masque costumes quarterly.eml,Re: The masque costumes (quarterly)
CROWN00001365,Archbishop Thomas Cranmer,narrative,cleves,Cleves,No,Internal - Privy Council,No,No,Note on the ladys English household.eml,Note on the lady's English household
CROWN00001366,King Henry VIII,loose,xlsx,(loose),No,Confidential,No,No,Treasury_Ledger_1540_Michaelmas_henry121.xlsx,Treasury Ledger — Michaelmas 1540
CROWN00001367,King Henry VIII,narrative,cleves,Cleves,No,Confidential,No,No,the Cleves alliance further to our last.eml,the Cleves alliance (further to our last)
CROWN00001368,King Henry VIII,loose,xlsx,(loose),No,,No,No,Treasury_Ledger_1540_Lady Day_henry102.xlsx,Treasury Ledger — Lady Day 1540
CROWN00001369,King Henry VIII,narrative,cleves,Cleves,No,Privileged - Attorney-Client,Yes,No,The Cleves marriage  a quiet remedy.eml,The Cleves marriage — a quiet remedy
CROWN00001370,King Henry VIII,narrative,cleves,Cleves,No,,No,No,Re the Cleves alliance further to our last.eml,Re: the Cleves alliance (further to our last)
CROWN00001371,Archbishop Thomas Cranmer,narrative,cleves,Cleves,No,,No,Yes,Re the Cleves alliance further to our last.eml,Re: the Cleves alliance (further to our last)
CROWN00001372,Archbishop Thomas Cranmer,narrative,cleves,Cleves,No,Privileged - Attorney-Client,Yes,No,Re The Cleves marriage  a quiet remedy.eml,Re: The Cleves marriage — a quiet remedy
CROWN00001373,King Henry VIII,narrative,cleves,Cleves,No,,No,No,With no hard feeling.eml,With no hard feeling
CROWN00001374,King Henry VIII,noise,newsletter,(noise),No,,No,No,Tudor Times Weekly  16 Jul 1540.eml,Tudor Times Weekly — 16 Jul 1540
CROWN00001375,King Henry VIII,noise,newsletter,(noise),No,,No,No,Tudor_Times_Weekly.pdf,Tudor Times Weekly — Full Issue
CROWN00001376,Thomas Cromwell,noise,auto_reply,(noise),No,,No,No,Automatic reply Repairs To The Royal Barge.eml,Automatic reply: Repairs To The Royal Barge
CROWN00001377,Archbishop Thomas Cranmer,noise,it_notice,(noise),No,,No,No,Scheduled Maintenance The Royal Scriptorium Sunday 2am-6am.eml,"Scheduled Maintenance: The Royal Scriptorium (Sunday, 2am-6am)"
CROWN00001378,King Henry VIII,narrative,howard_affair,Howard Affair,No,Internal - Privy Council,No,No,Minutes touching the Queens jewels and plate.eml,Minutes touching the Queen's jewels and plate
CROWN00001379,Queen Catherine Howard,narrative,howard_affair,Howard Affair,No,,No,No,Re Minutes touching the Queens jewels and plate.eml,Re: Minutes touching the Queen's jewels and plate
CROWN00001380,Queen Catherine Howard,narrative,howard_affair,Howard Affair,No,Confidential,No,No,the progress to the North  action required.eml,the progress to the North — action required
CROWN00001381,Archbishop Thomas Cranmer,narrative,howard_affair,Howard Affair,No,,No,No,Minutes touching the New Years revels.eml,Minutes touching the New Year's revels
CROWN00001382,Archbishop Thomas Cranmer,narrative,howard_affair,Howard Affair,No,,No,No,Schedule_howard_affair_nar-00202.xlsx,Schedule — the New Year's revels
CROWN00001383,Archbishop Thomas Cranmer,noise,newsletter,(noise),No,,No,No,Tudor Times Weekly  10 Aug 1540.eml,Tudor Times Weekly — 10 Aug 1540
CROWN00001384,King Henry VIII,routine,concern,(routine),No,Confidential,No,No,The subsidy assessment for hampshire  for approval.eml,The subsidy assessment for hampshire — for approval
CROWN00001385,Archbishop Thomas Cranmer,routine,report,(routine),No,,No,No,The garter ceremony arrangements.eml,The garter ceremony arrangements
CROWN00001386,Queen Catherine Howard,loose,txt,(loose),No,,No,No,Hunting_Log_catherine_howard137.txt,Hunting Log
CROWN00001387,Archbishop Thomas Cranmer,routine,approval,(routine),No,,No,No,Re The garter ceremony arrangements.eml,Re: The garter ceremony arrangements
CROWN00001388,Queen Catherine Howard,narrative,howard_affair,Howard Affair,No,,No,No,Minutes touching the New Years revels.eml,Minutes touching the New Year's revels
CROWN00001389,Archbishop Thomas Cranmer,noise,it_notice,(noise),No,,No,No,New Quill Procurement Policy  Effective Immediately.eml,New Quill Procurement Policy — Effective Immediately
CROWN00001390,Queen Catherine Howard,routine,report,(routine),No,,No,No,The royal barge repairs.eml,The royal barge repairs
CROWN00001391,King Henry VIII,routine,report,(routine),No,Confidential,No,No,The wardrobe accounts.eml,The wardrobe accounts
CROWN00001392,King Henry VIII,routine,report,(routine),No,,No,No,WorkOrder_rtn-00277.docx,Work Order — the wardrobe accounts
CROWN00001393,King Henry VIII,routine,approval,(routine),No,,No,No,Re The wardrobe accounts.eml,Re: The wardrobe accounts
CROWN00001394,Queen Catherine Howard,noise,newsletter,(noise),No,,No,No,Tudor Times Weekly  05 Sep 1540.eml,Tudor Times Weekly — 05 Sep 1540
CROWN00001395,Queen Catherine Howard,loose,png,(loose),No,,No,No,Portrait_catherine_howard004.png,Portrait of a Lady of the Court
CROWN00001396,Queen Catherine Howard,routine,concern,(routine),No,,No,No,The subsidy assessment for essex  for approval.eml,The subsidy assessment for essex — for approval
CROWN00001397,Archbishop Thomas Cranmer,noise,it_notice,(noise),No,,No,No,New Quill Procurement Policy  Effective Immediately.eml,New Quill Procurement Policy — Effective Immediately
CROWN00001398,Archbishop Thomas Cranmer,noise,it_notice,(noise),No,,No,No,Quill_Procurement_Policy_Q-1536.docx,Quill Procurement Policy (Form Q-1536)
CROWN00001399,Queen Catherine Howard,noise,spam_food,(noise),No,,No,No,Two Trenchers for One  This Sennight Only at Ye Olde Pizza H.eml,Two Trenchers for One — This Sennight Only at Ye Olde Pizza Hut
CROWN00001400,Queen Catherine Howard,narrative,howard_affair,Howard Affair,No,,No,No,Minutes touching the Queens jewels and plate.eml,Minutes touching the Queen's jewels and plate
CROWN00001401,King Henry VIII,narrative,howard_affair,Howard Affair,No,Confidential,No,No,Query on the Queens household accounts.eml,Query on the Queen's household accounts
CROWN00001402,Archbishop Thomas Cranmer,routine,report,(routine),No,,No,No,The tiltyard schedule.eml,The tiltyard schedule
CROWN00001403,King Henry VIII,narrative,howard_affair,Howard Affair,No,Confidential,No,No,the Queens jewels and plate further to our last.eml,the Queen's jewels and plate (further to our last)
CROWN00001404,King Henry VIII,narrative,howard_affair,Howard Affair,No,,No,No,Notes_howard_affair_nar-00203.docx,Notes on the Queen's jewels and plate
CROWN00001405,Archbishop Thomas Cranmer,routine,approval,(routine),No,,No,No,The repair of the great clock.eml,The repair of the great clock
CROWN00001406,Queen Catherine Howard,loose,xlsx,(loose),No,Confidential,No,No,Inventory_JewelHouse_catherine_howard116.xlsx,Inventory of the Jewel House
CROWN00001407,Archbishop Thomas Cranmer,narrative,howard_affair,Howard Affair,No,Internal - Privy Council,No,No,the Queens household accounts an update.eml,the Queen's household accounts: an update
CROWN00001408,Archbishop Thomas Cranmer,narrative,howard_affair,Howard Affair,No,,No,No,Schedule_howard_affair_nar-00227.xlsx,Schedule — the Queen's household accounts
CROWN00001409,King Henry VIII,noise,bounce,(noise),No,,No,No,Undeliverable The Scottish Border.eml,Undeliverable: The Scottish Border
CROWN00001410,Archbishop Thomas Cranmer,routine,concern,(routine),No,,No,No,Note the wine shipment from Gascony.eml,Note: the wine shipment from Gascony
CROWN00001411,Archbishop Thomas Cranmer,routine,approval,(routine),No,,No,No,Re Note the wine shipment from Gascony.eml,Re: Note: the wine shipment from Gascony
CROWN00001412,Archbishop Thomas Cranmer,narrative,howard_affair,Howard Affair,No,,No,No,the secretarys appointment  for your consideration.eml,the secretary's appointment — for your consideration
CROWN00001413,Archbishop Thomas Cranmer,narrative,howard_affair,Howard Affair,No,,No,No,Schedule_howard_affair_nar-00204.xlsx,Schedule — the secretary's appointment
CROWN00001414,Archbishop Thomas Cranmer,narrative,howard_affair,Howard Affair,No,Confidential,No,No,the bedchamber appointments further to our last.eml,the bedchamber appointments (further to our last)
CROWN00001415,Archbishop Thomas Cranmer,narrative,howard_affair,Howard Affair,No,,No,No,Notes_howard_affair_nar-00230.docx,Notes on the bedchamber appointments
CROWN00001416,Queen Catherine Howard,routine,request,(routine),No,,No,No,Note the Christmas revels.eml,Note: the Christmas revels
CROWN00001417,King Henry VIII,narrative,howard_affair,Howard Affair,No,,No,No,Minutes touching the bedchamber appointments.eml,Minutes touching the bedchamber appointments
CROWN00001418,Queen Catherine Howard,noise,it_notice,(noise),No,,No,No,Reminder Mandatory Doublet  Hose Compliance Training.eml,Reminder: Mandatory Doublet & Hose Compliance Training
CROWN00001419,Queen Catherine Howard,narrative,howard_affair,Howard Affair,No,,No,No,the progress to the North  for your consideration.eml,the progress to the North — for your consideration
CROWN00001420,Queen Catherine Howard,routine,request,(routine),No,Confidential,No,No,The repair of the great clock.eml,The repair of the great clock
CROWN00001421,Archbishop Thomas Cranmer,routine,report,(routine),No,Confidential,No,No,Note the repair of the great clock.eml,Note: the repair of the great clock
CROWN00001422,Queen Catherine Howard,loose,png,(loose),No,,No,No,Portrait_catherine_howard010.png,Portrait of a Merchant of London
CROWN00001423,Archbishop Thomas Cranmer,routine,approval,(routine),No,,No,No,Re Note the repair of the great clock.eml,Re: Note: the repair of the great clock
CROWN00001424,Queen Catherine Howard,narrative,howard_affair,Howard Affair,No,,No,No,the secretarys appointment  action required.eml,the secretary's appointment — action required
CROWN00001425,Queen Catherine Howard,narrative,howard_affair,Howard Affair,No,,No,No,Re the secretarys appointment  action required.eml,Re: the secretary's appointment — action required
CROWN00001426,Archbishop Thomas Cranmer,noise,spam_food,(noise),No,,No,No,Two Trenchers for One  This Sennight Only at Ye Olde Pizza H.eml,Two Trenchers for One — This Sennight Only at Ye Olde Pizza Hut
CROWN00001427,Archbishop Thomas Cranmer,noise,phishing,(noise),No,,No,No,URGENT Verify Thy Royal Account Within 24 Hours.eml,URGENT: Verify Thy Royal Account Within 24 Hours
CROWN00001428,Queen Catherine Howard,loose,xlsx,(loose),No,,No,No,Treasury_Ledger_1540_Michaelmas_catherine_howard120.xlsx,Treasury Ledger — Michaelmas 1540
CROWN00001429,Archbishop Thomas Cranmer,noise,spam_food,(noise),No,,No,No,Two Trenchers for One  This Sennight Only at Ye Olde Pizza H.eml,Two Trenchers for One — This Sennight Only at Ye Olde Pizza Hut
CROWN00001430,Archbishop Thomas Cranmer,noise,bounce,(noise),No,,No,No,Undeliverable The Progress Itinerary.eml,Undeliverable: The Progress Itinerary
CROWN00001431,Queen Catherine Howard,narrative,howard_affair,Howard Affair,No,Internal - Privy Council,No,No,Note on the New Years revels.eml,Note on the New Year's revels
CROWN00001432,Queen Catherine Howard,noise,newsletter,(noise),No,,No,No,Jousting Monthly Lists Lances  League Tables.eml,"Jousting Monthly: Lists, Lances & League Tables"
CROWN00001433,Archbishop Thomas Cranmer,noise,bounce,(noise),No,,No,No,Undeliverable The Scottish Border.eml,Undeliverable: The Scottish Border
CROWN00001434,King Henry VIII,noise,it_notice,(noise),No,,No,No,Mailbox Quota Warning Thy Coffer is 90 Full.eml,Mailbox Quota Warning: Thy Coffer is 90% Full
CROWN00001435,King Henry VIII,noise,newsletter,(noise),No,,No,No,Jousting Monthly Lists Lances  League Tables.eml,"Jousting Monthly: Lists, Lances & League Tables"
CROWN00001436,King Henry VIII,routine,report,(routine),No,,No,No,The repair of the great clock.eml,The repair of the great clock
CROWN00001437,Queen Catherine Howard,noise,calendar,(noise),No,,No,No,Invitation Coronation Banquet.eml,Invitation: Coronation Banquet
CROWN00001438,Queen Catherine Howard,loose,docx,(loose),No,Internal - Privy Council,No,No,Council_Notes_15410117_catherine_howard117.docx,Privy Council Notes — 17 January 1541
CROWN00001439,Queen Catherine Howard,routine,approval,(routine),No,,No,No,The purveyance of venison  for approval.eml,The purveyance of venison — for approval
CROWN00001440,King Henry VIII,routine,approval,(routine),No,,No,Yes,The purveyance of venison  for approval.eml,The purveyance of venison — for approval
CROWN00001441,Queen Catherine Howard,loose,xlsx,(loose),No,,No,No,Treasury_Ledger_1541_Michaelmas_catherine_howard126.xlsx,Treasury Ledger — Michaelmas 1541
CROWN00001442,Queen Catherine Howard,noise,it_notice,(noise),No,,No,No,Mailbox Quota Warning Thy Coffer is 90 Full.eml,Mailbox Quota Warning: Thy Coffer is 90% Full
CROWN00001443,Archbishop Thomas Cranmer,routine,request,(routine),No,,No,No,Re the royal stables accounts.eml,Re: the royal stables accounts
CROWN00001444,Archbishop Thomas Cranmer,routine,request,(routine),No,,No,No,The embassy to france quarterly.eml,The embassy to france (quarterly)
CROWN00001445,Archbishop Thomas Cranmer,noise,spam_scam,(noise),No,,No,No,CONGRATULATIONS  You Have Won the Royal Spanish Lottery 5000.eml,"CONGRATULATIONS — You Have Won the Royal Spanish Lottery (500,000 Ducats)"
CROWN00001446,Queen Catherine Howard,loose,xlsx,(loose),No,Confidential,No,No,Inventory_JewelHouse_catherine_howard047.xlsx,Inventory of the Jewel House
CROWN00001447,Queen Catherine Howard,noise,calendar,(noise),No,,No,No,Invitation Coronation Banquet.eml,Invitation: Coronation Banquet
CROWN00001448,Queen Catherine Howard,noise,calendar,(noise),No,,No,No,invite.ics,Invitation — Coronation Banquet
CROWN00001449,Queen Catherine Howard,noise,it_notice,(noise),No,,No,No,New Quill Procurement Policy  Effective Immediately.eml,New Quill Procurement Policy — Effective Immediately
CROWN00001450,King Henry VIII,noise,calendar,(noise),No,,No,No,Invitation Garter Ceremony.eml,Invitation: Garter Ceremony
CROWN00001451,Queen Catherine Howard,loose,docx,(loose),No,Internal - Privy Council,No,No,Council_Notes_15410220_catherine_howard140.docx,Privy Council Notes — 20 February 1541
CROWN00001452,Queen Catherine Howard,noise,it_notice,(noise),No,,No,No,Reminder Mandatory Doublet  Hose Compliance Training.eml,Reminder: Mandatory Doublet & Hose Compliance Training
CROWN00001453,Queen Catherine Howard,noise,auto_reply,(noise),No,,No,No,Automatic reply The Harvest Levy.eml,Automatic reply: The Harvest Levy
CROWN00001454,Archbishop Thomas Cranmer,noise,newsletter,(noise),No,,No,No,Jousting Monthly Lists Lances  League Tables.eml,"Jousting Monthly: Lists, Lances & League Tables"
CROWN00001455,Queen Catherine Howard,noise,phishing,(noise),No,,No,No,URGENT Verify Thy Royal Account Within 24 Hours.eml,URGENT: Verify Thy Royal Account Within 24 Hours
CROWN00001456,Queen Catherine Howard,routine,report,(routine),No,,No,No,Note the works at Richmond Palace.eml,Note: the works at Richmond Palace
CROWN00001457,Queen Catherine Howard,routine,approval,(routine),No,,No,No,Re Note the works at Richmond Palace.eml,Re: Note: the works at Richmond Palace
CROWN00001458,Archbishop Thomas Cranmer,noise,phishing,(noise),No,,No,No,URGENT Verify Thy Royal Account Within 24 Hours.eml,URGENT: Verify Thy Royal Account Within 24 Hours
CROWN00001459,Queen Catherine Howard,noise,newsletter,(noise),No,,No,No,Jousting Monthly Lists Lances  League Tables.eml,"Jousting Monthly: Lists, Lances & League Tables"
CROWN00001460,King Henry VIII,routine,logistics,(routine),No,,No,No,Note the progress to Hampton Court Palace.eml,Note: the progress to Hampton Court Palace
CROWN00001461,Queen Catherine Howard,narrative,howard_affair,Howard Affair,No,Internal - Privy Council,No,No,the secretarys appointment  action required.eml,the secretary's appointment — action required
CROWN00001462,Archbishop Thomas Cranmer,narrative,howard_affair,Howard Affair,No,Internal - Privy Council,No,Yes,the secretarys appointment  action required.eml,the secretary's appointment — action required
CROWN00001463,King Henry VIII,noise,it_notice,(noise),No,,No,No,Mailbox Quota Warning Thy Coffer is 90 Full.eml,Mailbox Quota Warning: Thy Coffer is 90% Full
CROWN00001464,Queen Catherine Howard,noise,newsletter,(noise),No,,No,No,Tudor Times Weekly  24 Apr 1541.eml,Tudor Times Weekly — 24 Apr 1541
CROWN00001465,Queen Catherine Howard,narrative,howard_affair,Howard Affair,Yes,,No,No,The arrangements for Thursday.eml,The arrangements for Thursday
CROWN00001466,Queen Catherine Howard,narrative,howard_affair,Howard Affair,Yes,,No,No,Re The arrangements for Thursday.eml,Re: The arrangements for Thursday
CROWN00001467,King Henry VIII,routine,concern,(routine),No,,No,No,The new years gift roll quarterly.eml,The new year's gift roll (quarterly)
CROWN00001468,Queen Catherine Howard,loose,txt,(loose),No,,No,No,Reading_List_catherine_howard051.txt,Reading List
CROWN00001469,King Henry VIII,noise,bounce,(noise),No,,No,No,Undeliverable Repairs To The Royal Barge.eml,Undeliverable: Repairs To The Royal Barge
CROWN00001470,Queen Catherine Howard,narrative,howard_affair,Howard Affair,Yes,,No,No,no subject.eml,(no subject)
CROWN00001471,Queen Catherine Howard,narrative,howard_affair,Howard Affair,Yes,,No,No,voice_memo_Thursday.wav,Voice Memo (Thursday)
CROWN00001472,Queen Catherine Howard,narrative,howard_affair,Howard Affair,Yes,,No,No,no subject.eml,(no subject)
CROWN00001473,Queen Catherine Howard,narrative,howard_affair,Howard Affair,Yes,,No,No,For_Your_Eyes_Only.docx,For Your Eyes Only
CROWN00001474,Queen Catherine Howard,narrative,howard_affair,Howard Affair,Yes,,No,No,Re no subject.eml,Re: (no subject)
CROWN00001475,Archbishop Thomas Cranmer,narrative,howard_affair,Howard Affair,No,,No,No,Note on the secretarys appointment.eml,Note on the secretary's appointment
CROWN00001476,Archbishop Thomas Cranmer,narrative,howard_affair,Howard Affair,No,,No,No,Re Note on the secretarys appointment.eml,Re: Note on the secretary's appointment
CROWN00001477,Queen Catherine Howard,noise,calendar,(noise),No,,No,No,Invitation Grand Joust at the Shrovetide Lists.eml,Invitation: Grand Joust at the Shrovetide Lists
CROWN00001478,Queen Catherine Howard,narrative,howard_affair,Howard Affair,Yes,,No,No,An old friend.eml,An old friend
CROWN00001479,Queen Catherine Howard,loose,docx,(loose),No,,No,No,Draft_Proclamation_catherine_howard118.docx,Draft Proclamation touching the ordnance accounts
CROWN00001480,Queen Catherine Howard,loose,docx,(loose),No,,No,No,Draft_Proclamation_catherine_howard094.docx,Draft Proclamation touching the muster of able men
CROWN00001481,King Henry VIII,noise,newsletter,(noise),No,,No,No,Tudor Times Weekly  22 Jun 1541.eml,Tudor Times Weekly — 22 Jun 1541
CROWN00001482,Archbishop Thomas Cranmer,noise,newsletter,(noise),No,,No,No,Jousting Monthly Lists Lances  League Tables.eml,"Jousting Monthly: Lists, Lances & League Tables"
CROWN00001483,Queen Catherine Howard,noise,spam_vendor,(noise),No,,No,No,New Leeches In Stock  Free Delivery on Tonics.eml,New Leeches In Stock + Free Delivery on Tonics
CROWN00001484,Queen Catherine Howard,narrative,howard_affair,Howard Affair,No,,No,No,Note on the Queens household accounts.eml,Note on the Queen's household accounts
CROWN00001485,Queen Catherine Howard,narrative,howard_affair,Howard Affair,No,,No,No,Re Note on the Queens household accounts.eml,Re: Note on the Queen's household accounts
CROWN00001486,King Henry VIII,loose,docx,(loose),No,,No,No,Draft_Proclamation_henry073.docx,Draft Proclamation touching the progress itinerary
CROWN00001487,King Henry VIII,noise,spam_scam,(noise),No,,No,No,CONGRATULATIONS  You Have Won the Royal Spanish Lottery 5000.eml,"CONGRATULATIONS — You Have Won the Royal Spanish Lottery (500,000 Ducats)"
CROWN00001488,Queen Catherine Howard,loose,xlsx,(loose),No,Confidential,No,No,Treasury_Ledger_1541_Lady Day_catherine_howard066.xlsx,Treasury Ledger — Lady Day 1541
CROWN00001489,Queen Catherine Howard,routine,logistics,(routine),No,,No,No,Re the masque costumes.eml,Re: the masque costumes
CROWN00001490,Queen Catherine Howard,routine,logistics,(routine),No,,No,No,WorkOrder_rtn-00549.docx,Work Order — the masque costumes
CROWN00001491,Archbishop Thomas Cranmer,noise,spam_food,(noise),No,,No,No,Lenten Special  No Meat Much Cheese Still Glorious.eml,"Lenten Special — No Meat, Much Cheese, Still Glorious"
CROWN00001492,King Henry VIII,narrative,howard_affair,Howard Affair,No,Confidential,No,No,the bedchamber appointments further to our last.eml,the bedchamber appointments (further to our last)
CROWN00001493,Queen Catherine Howard,narrative,howard_affair,Howard Affair,No,,No,No,the bedchamber appointments an update.eml,the bedchamber appointments: an update
CROWN00001494,Queen Catherine Howard,narrative,howard_affair,Howard Affair,No,,No,No,Notes_howard_affair_nar-00228.docx,Notes on the bedchamber appointments
CROWN00001495,King Henry VIII,narrative,howard_affair,Howard Affair,No,,No,No,Re the bedchamber appointments further to our last.eml,Re: the bedchamber appointments (further to our last)
CROWN00001496,Queen Catherine Howard,noise,spam_scam,(noise),No,,No,No,CONGRATULATIONS  You Have Won the Royal Spanish Lottery 5000.eml,"CONGRATULATIONS — You Have Won the Royal Spanish Lottery (500,000 Ducats)"
CROWN00001497,King Henry VIII,routine,request,(routine),No,,No,No,Re the New Years gift roll.eml,Re: the New Year's gift roll
CROWN00001498,King Henry VIII,noise,spam_food,(noise),No,,No,No,Hungry After the Hunt We Deliver to Every Palace.eml,Hungry After the Hunt? We Deliver to Every Palace
CROWN00001499,Queen Catherine Howard,loose,docx,(loose),No,Internal - Privy Council,No,No,Council_Notes_15410726_catherine_howard081.docx,Privy Council Notes — 26 July 1541
CROWN00001500,Queen Catherine Howard,loose,png,(loose),No,,No,No,Portrait_catherine_howard100.png,Portrait of a Gentleman of the Privy Chamber
CROWN00001501,King Henry VIII,narrative,howard_affair,Howard Affair,No,Internal - Privy Council,No,No,the Queens household accounts further to our last.eml,the Queen's household accounts (further to our last)
CROWN00001502,Queen Catherine Howard,noise,spam_food,(noise),No,,No,No,Lenten Special  No Meat Much Cheese Still Glorious.eml,"Lenten Special — No Meat, Much Cheese, Still Glorious"
CROWN00001503,King Henry VIII,narrative,howard_affair,Howard Affair,No,,No,No,Re the Queens household accounts further to our last.eml,Re: the Queen's household accounts (further to our last)
CROWN00001504,Archbishop Thomas Cranmer,routine,approval,(routine),No,,No,No,The royal stables accounts  for approval.eml,The royal stables accounts — for approval
CROWN00001505,Queen Catherine Howard,noise,newsletter,(noise),No,,No,No,Tudor Times Weekly  08 Aug 1541.eml,Tudor Times Weekly — 08 Aug 1541
CROWN00001506,Queen Catherine Howard,narrative,howard_affair,Howard Affair,No,Confidential,No,No,Query on the New Years revels.eml,Query on the New Year's revels
CROWN00001507,Queen Catherine Howard,narrative,howard_affair,Howard Affair,No,,No,No,Schedule_howard_affair_nar-00218.xlsx,Schedule — the New Year's revels
CROWN00001508,Queen Catherine Howard,routine,report,(routine),No,,No,No,The purveyance of venison quarterly.eml,The purveyance of venison (quarterly)
CROWN00001509,King Henry VIII,noise,phishing,(noise),No,,No,No,URGENT Verify Thy Royal Account Within 24 Hours.eml,URGENT: Verify Thy Royal Account Within 24 Hours
CROWN00001510,Queen Catherine Howard,loose,binary,Howard Affair,Yes,,No,No,CHT-0001.rsmf,Privy Chamber (private)
CROWN00001511,Archbishop Thomas Cranmer,loose,png,(loose),No,,No,No,Portrait_cranmer123.png,Portrait of a Gentleman of the Privy Chamber
CROWN00001512,King Henry VIII,narrative,howard_affair,Howard Affair,No,,No,No,the bedchamber appointments  for your consideration.eml,the bedchamber appointments — for your consideration
CROWN00001513,Queen Catherine Howard,routine,approval,(routine),No,,No,No,Re The purveyance of venison quarterly.eml,Re: The purveyance of venison (quarterly)
CROWN00001514,Queen Catherine Howard,loose,png,(loose),No,,No,No,Portrait_catherine_howard100_rev2.png,Portrait of a Gentleman of the Privy Chamber (rev. 2)
CROWN00001515,Queen Catherine Howard,loose,png,(loose),No,,No,No,Plan_catherine_howard101.png,Plan of Hever Castle
CROWN00001516,King Henry VIII,noise,it_notice,(noise),No,,No,No,New Quill Procurement Policy  Effective Immediately.eml,New Quill Procurement Policy — Effective Immediately
CROWN00001517,King Henry VIII,noise,it_notice,(noise),No,,No,No,Quill_Procurement_Policy_Q-1536.docx,Quill Procurement Policy (Form Q-1536)
CROWN00001518,Queen Catherine Howard,noise,spam_food,(noise),No,,No,No,NEW The Hampton Court Meat Feast Feeds a Whole Privy Council.eml,NEW: The Hampton Court Meat Feast (Feeds a Whole Privy Council)
CROWN00001519,King Henry VIII,noise,it_notice,(noise),No,,No,No,New Quill Procurement Policy  Effective Immediately.eml,New Quill Procurement Policy — Effective Immediately
CROWN00001520,King Henry VIII,noise,it_notice,(noise),No,,No,No,Quill_Procurement_Policy_Q-1536.docx,Quill Procurement Policy (Form Q-1536)
CROWN00001521,Queen Catherine Howard,loose,docx,(loose),No,,No,No,Personal_Memorandum_catherine_howard033.docx,Personal Memorandum
CROWN00001522,King Henry VIII,narrative,howard_affair,Howard Affair,No,Confidential,No,No,the secretarys appointment further to our last.eml,the secretary's appointment (further to our last)
CROWN00001523,King Henry VIII,noise,bounce,(noise),No,,No,No,Undeliverable The Subsidy Roll.eml,Undeliverable: The Subsidy Roll
CROWN00001524,Queen Catherine Howard,loose,docx,(loose),No,,No,No,Personal_Memorandum_catherine_howard053.docx,Personal Memorandum
CROWN00001525,Queen Catherine Howard,loose,txt,(loose),No,,No,No,Personal_Memorandum_catherine_howard033_rev2.docx,Personal Memorandum (rev. 2)
CROWN00001526,Queen Catherine Howard,routine,concern,(routine),No,Confidential,No,No,The royal stables accounts.eml,The royal stables accounts
CROWN00001527,Queen Catherine Howard,routine,approval,(routine),No,,No,No,Re The royal stables accounts.eml,Re: The royal stables accounts
CROWN00001528,Archbishop Thomas Cranmer,routine,request,(routine),No,Confidential,No,No,The subsidy assessment for kent  for approval.eml,The subsidy assessment for kent — for approval
CROWN00001529,Archbishop Thomas Cranmer,routine,request,(routine),No,,No,No,Invoice_rtn-00433.xlsx,Account — the subsidy assessment for Kent
CROWN00001530,King Henry VIII,routine,report,(routine),No,Confidential,No,No,The victualling of the fleet.eml,The victualling of the fleet
CROWN00001531,Archbishop Thomas Cranmer,routine,report,(routine),No,,No,No,The muster of able men in lincolnshire  for approval.eml,The muster of able men in lincolnshire — for approval
CROWN00001532,Archbishop Thomas Cranmer,routine,approval,(routine),No,,No,No,Re The muster of able men in lincolnshire  for approval.eml,Re: The muster of able men in lincolnshire — for approval
CROWN00001533,King Henry VIII,noise,bounce,(noise),No,,No,No,Undeliverable The Victualling Of The Fleet.eml,Undeliverable: The Victualling Of The Fleet
CROWN00001534,Archbishop Thomas Cranmer,noise,phishing,(noise),No,,No,No,URGENT Verify Thy Royal Account Within 24 Hours.eml,URGENT: Verify Thy Royal Account Within 24 Hours
CROWN00001535,Archbishop Thomas Cranmer,narrative,howard_affair,Howard Affair,Yes,Confidential,No,No,A matter I cannot bring myself to speak  for Your Majesty al.eml,A matter I cannot bring myself to speak — for Your Majesty alone
CROWN00001536,Archbishop Thomas Cranmer,narrative,howard_affair,Howard Affair,Yes,Confidential,No,No,Confidential_Deposition_Summary.pdf,Summary of Information Received — Confidential
CROWN00001537,King Henry VIII,narrative,howard_affair,Howard Affair,No,Confidential,No,No,Re A matter I cannot bring myself to speak.eml,Re: A matter I cannot bring myself to speak
CROWN00001538,King Henry VIII,routine,report,(routine),No,Confidential,No,No,The kitchen accounts for the quarter.eml,The kitchen accounts for the quarter
CROWN00001539,King Henry VIII,routine,report,(routine),No,,No,No,Invoice_rtn-00747.xlsx,Account — the kitchen accounts for the quarter
CROWN00001540,Archbishop Thomas Cranmer,narrative,howard_affair,Howard Affair,No,Internal - Privy Council,No,No,Note on the Queens jewels and plate.eml,Note on the Queen's jewels and plate
CROWN00001541,Queen Catherine Howard,noise,calendar,(noise),No,,No,No,Invitation Coronation Banquet.eml,Invitation: Coronation Banquet
CROWN00001542,Queen Catherine Howard,noise,calendar,(noise),No,,No,No,invite.ics,Invitation — Coronation Banquet
CROWN00001543,Archbishop Thomas Cranmer,routine,approval,(routine),No,,No,No,Re the falconry mews.eml,Re: the falconry mews
CROWN00001544,Archbishop Thomas Cranmer,routine,request,(routine),No,,No,No,The masque costumes quarterly.eml,The masque costumes (quarterly)
CROWN00001545,Archbishop Thomas Cranmer,narrative,howard_affair,Howard Affair,Yes,Privileged - Work Product,Yes,No,Examination concluded  record enclosed.eml,Examination concluded — record enclosed
CROWN00001546,Archbishop Thomas Cranmer,narrative,howard_affair,Howard Affair,Yes,Privileged - Work Product,Yes,No,Examination_Transcript.docx,Record of Examination — Crown Matter
CROWN00001547,Archbishop Thomas Cranmer,routine,logistics,(routine),No,,No,No,The works at westminster.eml,The works at westminster
CROWN00001548,Queen Catherine Howard,noise,it_notice,(noise),No,,No,No,New Quill Procurement Policy  Effective Immediately.eml,New Quill Procurement Policy — Effective Immediately
CROWN00001549,Queen Catherine Howard,noise,it_notice,(noise),No,,No,No,Quill_Procurement_Policy_Q-1536.docx,Quill Procurement Policy (Form Q-1536)
CROWN00001550,King Henry VIII,narrative,howard_affair,Howard Affair,No,Confidential,No,No,Note on the secretarys appointment.eml,Note on the secretary's appointment
CROWN00001551,Archbishop Thomas Cranmer,narrative,howard_affair,Howard Affair,No,,No,No,the progress to the North an update.eml,the progress to the North: an update
CROWN00001552,King Henry VIII,loose,xlsx,(loose),No,Confidential,No,No,Treasury_Ledger_1541_Michaelmas_henry075.xlsx,Treasury Ledger — Michaelmas 1541
CROWN00001553,Archbishop Thomas Cranmer,noise,spam_food,(noise),No,,No,No,Lenten Special  No Meat Much Cheese Still Glorious.eml,"Lenten Special — No Meat, Much Cheese, Still Glorious"
CROWN00001554,King Henry VIII,narrative,howard_affair,Howard Affair,No,Internal - Privy Council,No,No,the secretarys appointment an update.eml,the secretary's appointment: an update
CROWN00001555,King Henry VIII,narrative,howard_affair,Howard Affair,No,,No,No,Re the secretarys appointment an update.eml,Re: the secretary's appointment: an update
CROWN00001556,King Henry VIII,routine,concern,(routine),No,,No,No,The kitchen accounts for the quarter.eml,The kitchen accounts for the quarter
CROWN00001557,Queen Catherine Howard,routine,report,(routine),No,,No,No,The subsidy assessment for hampshire quarterly.eml,The subsidy assessment for hampshire (quarterly)
CROWN00001558,Queen Catherine Howard,noise,spam_scam,(noise),No,,No,No,CONGRATULATIONS  You Have Won the Royal Spanish Lottery 5000.eml,"CONGRATULATIONS — You Have Won the Royal Spanish Lottery (500,000 Ducats)"
CROWN00001559,Archbishop Thomas Cranmer,noise,auto_reply,(noise),No,,No,No,Automatic reply The Ordnance Accounts.eml,Automatic reply: The Ordnance Accounts
CROWN00001560,Queen Catherine Howard,loose,docx,(loose),No,Internal - Privy Council,No,No,Council_Notes_15420113_catherine_howard024.docx,Privy Council Notes — 13 January 1542
CROWN00001561,Archbishop Thomas Cranmer,routine,request,(routine),No,,No,No,The wine shipment from gascony  for approval.eml,The wine shipment from gascony — for approval
CROWN00001562,Archbishop Thomas Cranmer,noise,it_notice,(noise),No,,No,No,Password Rotation Required Change Thy Cipher This Month.eml,Password Rotation Required: Change Thy Cipher This Month
CROWN00001563,Queen Catherine Howard,routine,logistics,(routine),No,,No,No,The works at hever castle quarterly.eml,The works at hever castle (quarterly)
CROWN00001564,Archbishop Thomas Cranmer,routine,logistics,(routine),No,Confidential,No,No,The tiltyard schedule.eml,The tiltyard schedule
CROWN00001565,Queen Catherine Howard,loose,docx,(loose),No,Internal - Privy Council,No,No,Council_Notes_15420130_catherine_howard143.docx,Privy Council Notes — 30 January 1542
CROWN00001566,Archbishop Thomas Cranmer,noise,it_notice,(noise),No,,No,No,Scheduled Maintenance The Royal Scriptorium Sunday 2am-6am.eml,"Scheduled Maintenance: The Royal Scriptorium (Sunday, 2am-6am)"
CROWN00001567,King Henry VIII,routine,report,(routine),No,,No,No,Note the kitchen accounts for the quarter.eml,Note: the kitchen accounts for the quarter
CROWN00001568,King Henry VIII,routine,approval,(routine),No,,No,No,Re Note the kitchen accounts for the quarter.eml,Re: Note: the kitchen accounts for the quarter
CROWN00001569,King Henry VIII,routine,logistics,(routine),No,Confidential,No,No,Note the repair of the great clock.eml,Note: the repair of the great clock
CROWN00001570,King Henry VIII,routine,approval,(routine),No,,No,No,Re Note the repair of the great clock.eml,Re: Note: the repair of the great clock
CROWN00001571,Archbishop Thomas Cranmer,noise,spam_food,(noise),No,,No,No,Lenten Special  No Meat Much Cheese Still Glorious.eml,"Lenten Special — No Meat, Much Cheese, Still Glorious"
CROWN00001572,Archbishop Thomas Cranmer,routine,concern,(routine),No,,No,No,Re the New Years gift roll.eml,Re: the New Year's gift roll
CROWN00001573,King Henry VIII,noise,it_notice,(noise),No,,No,No,Mailbox Quota Warning Thy Coffer is 90 Full.eml,Mailbox Quota Warning: Thy Coffer is 90% Full
CROWN00001574,King Henry VIII,noise,newsletter,(noise),No,,No,No,Tudor Times Weekly  25 Mar 1542.eml,Tudor Times Weekly — 25 Mar 1542
CROWN00001575,King Henry VIII,routine,approval,(routine),No,,No,No,Re the muster of able men in Surrey.eml,Re: the muster of able men in Surrey
CROWN00001576,Archbishop Thomas Cranmer,noise,phishing,(noise),No,,No,No,URGENT Verify Thy Royal Account Within 24 Hours.eml,URGENT: Verify Thy Royal Account Within 24 Hours
CROWN00001577,King Henry VIII,noise,bounce,(noise),No,,No,No,Undeliverable The French Embassy.eml,Undeliverable: The French Embassy
CROWN00001578,King Henry VIII,noise,newsletter,(noise),No,,No,No,Tudor Times Weekly  24 Apr 1542.eml,Tudor Times Weekly — 24 Apr 1542
CROWN00001579,King Henry VIII,noise,newsletter,(noise),No,,No,No,Tudor_Times_Weekly.pdf,Tudor Times Weekly — Full Issue
CROWN00001580,King Henry VIII,routine,report,(routine),No,,No,No,Note the purveyance of venison.eml,Note: the purveyance of venison
CROWN00001581,King Henry VIII,routine,approval,(routine),No,,No,No,Re Note the purveyance of venison.eml,Re: Note: the purveyance of venison
CROWN00001582,King Henry VIII,routine,request,(routine),No,,No,No,Re the wardrobe accounts.eml,Re: the wardrobe accounts
CROWN00001583,Archbishop Thomas Cranmer,routine,approval,(routine),No,,No,No,The garter ceremony arrangements  for approval.eml,The garter ceremony arrangements — for approval
CROWN00001584,Archbishop Thomas Cranmer,routine,approval,(routine),No,,No,No,Re The garter ceremony arrangements  for approval.eml,Re: The garter ceremony arrangements — for approval
CROWN00001585,Archbishop Thomas Cranmer,noise,newsletter,(noise),No,,No,No,Tudor Times Weekly  15 May 1542.eml,Tudor Times Weekly — 15 May 1542
CROWN00001586,King Henry VIII,noise,newsletter,(noise),No,,No,No,Tudor Times Weekly  19 May 1542.eml,Tudor Times Weekly — 19 May 1542
CROWN00001587,King Henry VIII,noise,newsletter,(noise),No,,No,No,Tudor_Times_Weekly.pdf,Tudor Times Weekly — Full Issue
CROWN00001588,Archbishop Thomas Cranmer,noise,spam_food,(noise),No,,No,No,Two Trenchers for One  This Sennight Only at Ye Olde Pizza H.eml,Two Trenchers for One — This Sennight Only at Ye Olde Pizza Hut
CROWN00001589,Archbishop Thomas Cranmer,noise,auto_reply,(noise),No,,No,No,Automatic reply The Progress Itinerary.eml,Automatic reply: The Progress Itinerary
CROWN00001590,King Henry VIII,noise,auto_reply,(noise),No,,No,No,Automatic reply The New Coinage.eml,Automatic reply: The New Coinage
CROWN00001591,King Henry VIII,loose,pdf,(loose),No,,No,No,Survey_henry138.pdf,Survey of Greenwich Palace
CROWN00001592,Archbishop Thomas Cranmer,noise,it_notice,(noise),No,,No,No,Mailbox Quota Warning Thy Coffer is 90 Full.eml,Mailbox Quota Warning: Thy Coffer is 90% Full
CROWN00001593,Archbishop Thomas Cranmer,routine,concern,(routine),No,,No,No,The repair of the great clock  for approval.eml,The repair of the great clock — for approval
CROWN00001594,Archbishop Thomas Cranmer,routine,approval,(routine),No,,No,No,Re The repair of the great clock  for approval.eml,Re: The repair of the great clock — for approval
CROWN00001595,Archbishop Thomas Cranmer,routine,request,(routine),No,,No,No,Note the royal barge repairs.eml,Note: the royal barge repairs
CROWN00001596,Archbishop Thomas Cranmer,noise,spam_vendor,(noise),No,,No,No,New Leeches In Stock  Free Delivery on Tonics.eml,New Leeches In Stock + Free Delivery on Tonics
CROWN00001597,Archbishop Thomas Cranmer,routine,concern,(routine),No,,No,No,Re the Garter ceremony arrangements.eml,Re: the Garter ceremony arrangements
CROWN00001598,Archbishop Thomas Cranmer,noise,it_notice,(noise),No,,No,No,Mailbox Quota Warning Thy Coffer is 90 Full.eml,Mailbox Quota Warning: Thy Coffer is 90% Full
CROWN00001599,King Henry VIII,noise,it_notice,(noise),No,,No,No,New Quill Procurement Policy  Effective Immediately.eml,New Quill Procurement Policy — Effective Immediately
CROWN00001600,King Henry VIII,noise,it_notice,(noise),No,,No,No,Quill_Procurement_Policy_Q-1536.docx,Quill Procurement Policy (Form Q-1536)
CROWN00001601,King Henry VIII,noise,spam_food,(noise),No,,No,No,Lenten Special  No Meat Much Cheese Still Glorious.eml,"Lenten Special — No Meat, Much Cheese, Still Glorious"
CROWN00001602,Archbishop Thomas Cranmer,noise,newsletter,(noise),No,,No,No,Jousting Monthly Lists Lances  League Tables.eml,"Jousting Monthly: Lists, Lances & League Tables"
CROWN00001603,King Henry VIII,noise,spam_food,(noise),No,,No,No,Lenten Special  No Meat Much Cheese Still Glorious.eml,"Lenten Special — No Meat, Much Cheese, Still Glorious"
CROWN00001604,Archbishop Thomas Cranmer,noise,it_notice,(noise),No,,No,No,New Quill Procurement Policy  Effective Immediately.eml,New Quill Procurement Policy — Effective Immediately
CROWN00001605,Archbishop Thomas Cranmer,noise,it_notice,(noise),No,,No,No,Quill_Procurement_Policy_Q-1536.docx,Quill Procurement Policy (Form Q-1536)
CROWN00001606,Archbishop Thomas Cranmer,noise,bounce,(noise),No,,No,No,Undeliverable The French Embassy.eml,Undeliverable: The French Embassy
CROWN00001607,Archbishop Thomas Cranmer,noise,spam_food,(noise),No,,No,No,Hungry After the Hunt We Deliver to Every Palace.eml,Hungry After the Hunt? We Deliver to Every Palace
CROWN00001608,King Henry VIII,noise,it_notice,(noise),No,,No,No,Scheduled Maintenance The Royal Scriptorium Sunday 2am-6am.eml,"Scheduled Maintenance: The Royal Scriptorium (Sunday, 2am-6am)"
CROWN00001609,Archbishop Thomas Cranmer,loose,xlsx,(loose),No,Confidential,No,No,Treasury_Ledger_1542_Michaelmas_cranmer037.xlsx,Treasury Ledger — Michaelmas 1542
CROWN00001610,Archbishop Thomas Cranmer,noise,spam_vendor,(noise),No,,No,No,Tapestries Half Price  This Quarter Only.eml,Tapestries Half Price — This Quarter Only
CROWN00001611,King Henry VIII,routine,logistics,(routine),No,,No,No,Re the Garter ceremony arrangements.eml,Re: the Garter ceremony arrangements
CROWN00001612,Archbishop Thomas Cranmer,routine,report,(routine),No,,No,No,The wardrobe accounts.eml,The wardrobe accounts
CROWN00001613,Archbishop Thomas Cranmer,routine,approval,(routine),No,,No,No,Re The wardrobe accounts.eml,Re: The wardrobe accounts
CROWN00001614,King Henry VIII,routine,report,(routine),No,Confidential,No,No,Re the New Years gift roll.eml,Re: the New Year's gift roll
CROWN00001615,King Henry VIII,noise,spam_food,(noise),No,,No,No,Two Trenchers for One  This Sennight Only at Ye Olde Pizza H.eml,Two Trenchers for One — This Sennight Only at Ye Olde Pizza Hut
CROWN00001616,King Henry VIII,noise,bounce,(noise),No,,No,No,Undeliverable The Subsidy Roll.eml,Undeliverable: The Subsidy Roll
CROWN00001617,King Henry VIII,routine,report,(routine),No,,No,No,The tiltyard schedule.eml,The tiltyard schedule
CROWN00001618,King Henry VIII,routine,approval,(routine),No,,No,No,Re The tiltyard schedule.eml,Re: The tiltyard schedule
CROWN00001619,King Henry VIII,routine,concern,(routine),No,,No,No,Re the wardrobe accounts.eml,Re: the wardrobe accounts
CROWN00001620,Archbishop Thomas Cranmer,noise,phishing,(noise),No,,No,No,URGENT Verify Thy Royal Account Within 24 Hours.eml,URGENT: Verify Thy Royal Account Within 24 Hours
CROWN00001621,Archbishop Thomas Cranmer,noise,newsletter,(noise),No,,No,No,Jousting Monthly Lists Lances  League Tables.eml,"Jousting Monthly: Lists, Lances & League Tables"
CROWN00001622,Archbishop Thomas Cranmer,routine,request,(routine),No,,No,No,Re the subsidy assessment for Kent.eml,Re: the subsidy assessment for Kent
CROWN00001623,King Henry VIII,noise,spam_food,(noise),No,,No,No,Two Trenchers for One  This Sennight Only at Ye Olde Pizza H.eml,Two Trenchers for One — This Sennight Only at Ye Olde Pizza Hut
CROWN00001624,Archbishop Thomas Cranmer,routine,approval,(routine),No,,No,No,Re the subsidy assessment for Kent.eml,Re: the subsidy assessment for Kent
CROWN00001625,Archbishop Thomas Cranmer,noise,phishing,(noise),No,,No,No,URGENT Verify Thy Royal Account Within 24 Hours.eml,URGENT: Verify Thy Royal Account Within 24 Hours
CROWN00001626,Archbishop Thomas Cranmer,noise,spam_food,(noise),No,,No,No,Lenten Special  No Meat Much Cheese Still Glorious.eml,"Lenten Special — No Meat, Much Cheese, Still Glorious"
CROWN00001627,King Henry VIII,loose,txt,(loose),No,,No,No,Reading_List_henry139.txt,Reading List
CROWN00001628,Archbishop Thomas Cranmer,noise,spam_scam,(noise),No,,No,No,CONGRATULATIONS  You Have Won the Royal Spanish Lottery 5000.eml,"CONGRATULATIONS — You Have Won the Royal Spanish Lottery (500,000 Ducats)"
CROWN00001629,King Henry VIII,loose,docx,(loose),No,Internal - Privy Council,No,No,Council_Notes_15430101_henry127.docx,Privy Council Notes — 01 January 1543
CROWN00001630,Archbishop Thomas Cranmer,noise,calendar,(noise),No,,No,No,Invitation Diplomatic Reception for the French Embassy.eml,Invitation: Diplomatic Reception for the French Embassy
CROWN00001631,Archbishop Thomas Cranmer,noise,newsletter,(noise),No,,No,No,Jousting Monthly Lists Lances  League Tables.eml,"Jousting Monthly: Lists, Lances & League Tables"
CROWN00001632,King Henry VIII,noise,newsletter,(noise),No,,No,No,Tudor Times Weekly  27 Jan 1543.eml,Tudor Times Weekly — 27 Jan 1543
CROWN00001633,Archbishop Thomas Cranmer,noise,bounce,(noise),No,,No,No,Undeliverable The Wool Staple At Calais.eml,Undeliverable: The Wool Staple At Calais
CROWN00001634,Archbishop Thomas Cranmer,routine,concern,(routine),No,,No,No,Re the victualling of the fleet.eml,Re: the victualling of the fleet
CROWN00001635,King Henry VIII,routine,request,(routine),No,,No,No,The muster of able men in essex quarterly.eml,The muster of able men in essex (quarterly)
CROWN00001636,King Henry VIII,routine,approval,(routine),No,,No,No,Re The muster of able men in essex quarterly.eml,Re: The muster of able men in essex (quarterly)
CROWN00001637,King Henry VIII,routine,report,(routine),No,,No,No,Re the embassy to France.eml,Re: the embassy to France
CROWN00001638,Archbishop Thomas Cranmer,noise,newsletter,(noise),No,,No,No,Tudor Times Weekly  09 Feb 1543.eml,Tudor Times Weekly — 09 Feb 1543
CROWN00001639,Archbishop Thomas Cranmer,routine,logistics,(routine),No,,No,No,Note the purveyance of venison.eml,Note: the purveyance of venison
CROWN00001640,King Henry VIII,noise,it_notice,(noise),No,,No,No,Scheduled Maintenance The Royal Scriptorium Sunday 2am-6am.eml,"Scheduled Maintenance: The Royal Scriptorium (Sunday, 2am-6am)"
CROWN00001641,Archbishop Thomas Cranmer,noise,spam_scam,(noise),No,,No,No,CONGRATULATIONS  You Have Won the Royal Spanish Lottery 5000.eml,"CONGRATULATIONS — You Have Won the Royal Spanish Lottery (500,000 Ducats)"
CROWN00001642,Archbishop Thomas Cranmer,loose,docx,(loose),No,,No,No,Draft_Proclamation_cranmer070.docx,Draft Proclamation touching the victualling of the fleet
CROWN00001643,King Henry VIII,routine,concern,(routine),No,,No,No,Re the royal stables accounts.eml,Re: the royal stables accounts
CROWN00001644,Archbishop Thomas Cranmer,loose,docx,(loose),No,,No,No,Draft_Proclamation_cranmer070_rev2.docx,Draft Proclamation touching the victualling of the fleet (rev. 2)
CROWN00001645,King Henry VIII,noise,newsletter,(noise),No,,No,No,Jousting Monthly Lists Lances  League Tables.eml,"Jousting Monthly: Lists, Lances & League Tables"
CROWN00001646,King Henry VIII,noise,newsletter,(noise),No,,No,No,Tudor Times Weekly  19 Apr 1543.eml,Tudor Times Weekly — 19 Apr 1543
CROWN00001647,King Henry VIII,noise,newsletter,(noise),No,,No,No,Tudor_Times_Weekly.pdf,Tudor Times Weekly — Full Issue
CROWN00001648,King Henry VIII,routine,request,(routine),No,,No,No,Note the Christmas revels.eml,Note: the Christmas revels
CROWN00001649,Archbishop Thomas Cranmer,routine,concern,(routine),No,Confidential,No,No,Re the tiltyard schedule.eml,Re: the tiltyard schedule
CROWN00001650,King Henry VIII,noise,phishing,(noise),No,,No,No,URGENT Verify Thy Royal Account Within 24 Hours.eml,URGENT: Verify Thy Royal Account Within 24 Hours
CROWN00001651,Archbishop Thomas Cranmer,noise,newsletter,(noise),No,,No,No,Tudor Times Weekly  12 May 1543.eml,Tudor Times Weekly — 12 May 1543
CROWN00001652,King Henry VIII,routine,concern,(routine),No,,No,No,Note the muster of able men in Somerset.eml,Note: the muster of able men in Somerset
CROWN00001653,King Henry VIII,routine,report,(routine),No,Confidential,No,No,The subsidy assessment for sussex  for approval.eml,The subsidy assessment for sussex — for approval
CROWN00001654,King Henry VIII,routine,request,(routine),No,,No,No,Note the progress to Hampton Court Palace.eml,Note: the progress to Hampton Court Palace
CROWN00001655,King Henry VIII,routine,logistics,(routine),No,,No,No,Note the embassy to France.eml,Note: the embassy to France
CROWN00001656,King Henry VIII,routine,logistics,(routine),No,Confidential,No,No,Note the tiltyard schedule.eml,Note: the tiltyard schedule
CROWN00001657,King Henry VIII,routine,approval,(routine),No,,No,No,Re Note the embassy to France.eml,Re: Note: the embassy to France
CROWN00001658,King Henry VIII,noise,calendar,(noise),No,,No,No,Invitation Grand Joust at the Shrovetide Lists.eml,Invitation: Grand Joust at the Shrovetide Lists
CROWN00001659,King Henry VIII,noise,calendar,(noise),No,,No,No,invite.ics,Invitation — Grand Joust at the Shrovetide Lists
CROWN00001660,Archbishop Thomas Cranmer,noise,spam_vendor,(noise),No,,No,No,Tapestries Half Price  This Quarter Only.eml,Tapestries Half Price — This Quarter Only
CROWN00001661,King Henry VIII,noise,newsletter,(noise),No,,No,No,Tudor Times Weekly  23 Jun 1543.eml,Tudor Times Weekly — 23 Jun 1543
CROWN00001662,King Henry VIII,narrative,succession,Succession,No,,No,No,A question I will ask but once.eml,A question I will ask but once
CROWN00001663,Queen Catherine Parr,narrative,succession,Succession,No,,No,No,Re A question I will ask but once.eml,Re: A question I will ask but once
CROWN00001664,King Henry VIII,noise,it_notice,(noise),No,,No,No,Mailbox Quota Warning Thy Coffer is 90 Full.eml,Mailbox Quota Warning: Thy Coffer is 90% Full
CROWN00001665,King Henry VIII,narrative,succession,Succession,No,,No,No,A word about the childrens tutors.eml,A word about the children's tutors
CROWN00001666,King Henry VIII,narrative,succession,Succession,No,,No,No,Re A word about the childrens tutors.eml,Re: A word about the children's tutors
CROWN00001667,King Henry VIII,noise,spam_scam,(noise),No,,No,No,CONGRATULATIONS  You Have Won the Royal Spanish Lottery 5000.eml,"CONGRATULATIONS — You Have Won the Royal Spanish Lottery (500,000 Ducats)"
CROWN00001668,King Henry VIII,noise,it_notice,(noise),No,,No,No,Scheduled Maintenance The Royal Scriptorium Sunday 2am-6am.eml,"Scheduled Maintenance: The Royal Scriptorium (Sunday, 2am-6am)"
CROWN00001669,Archbishop Thomas Cranmer,noise,newsletter,(noise),No,,No,No,Tudor Times Weekly  31 Jul 1543.eml,Tudor Times Weekly — 31 Jul 1543
CROWN00001670,King Henry VIII,noise,newsletter,(noise),No,,No,No,Jousting Monthly Lists Lances  League Tables.eml,"Jousting Monthly: Lists, Lances & League Tables"
CROWN00001671,Queen Catherine Parr,noise,calendar,(noise),No,,No,No,Invitation Diplomatic Reception for the French Embassy.eml,Invitation: Diplomatic Reception for the French Embassy
CROWN00001672,Queen Catherine Parr,noise,calendar,(noise),No,,No,No,invite.ics,Invitation — Diplomatic Reception for the French Embassy
CROWN00001673,Queen Catherine Parr,noise,newsletter,(noise),No,,No,No,Jousting Monthly Lists Lances  League Tables.eml,"Jousting Monthly: Lists, Lances & League Tables"
CROWN00001674,Archbishop Thomas Cranmer,noise,phishing,(noise),No,,No,No,URGENT Verify Thy Royal Account Within 24 Hours.eml,URGENT: Verify Thy Royal Account Within 24 Hours
CROWN00001675,King Henry VIII,noise,spam_food,(noise),No,,No,No,Hungry After the Hunt We Deliver to Every Palace.eml,Hungry After the Hunt? We Deliver to Every Palace
CROWN00001676,Queen Catherine Parr,routine,logistics,(routine),No,Confidential,No,No,The purveyance of venison.eml,The purveyance of venison
CROWN00001677,Archbishop Thomas Cranmer,noise,newsletter,(noise),No,,No,No,Jousting Monthly Lists Lances  League Tables.eml,"Jousting Monthly: Lists, Lances & League Tables"
CROWN00001678,Queen Catherine Parr,noise,it_notice,(noise),No,,No,No,Password Rotation Required Change Thy Cipher This Month.eml,Password Rotation Required: Change Thy Cipher This Month
CROWN00001679,Archbishop Thomas Cranmer,narrative,succession,Succession,No,Internal - Privy Council,No,No,the Queens regency during the campaign further to our last.eml,the Queen's regency during the campaign (further to our last)
CROWN00001680,Archbishop Thomas Cranmer,routine,report,(routine),No,,No,No,The tiltyard schedule.eml,The tiltyard schedule
CROWN00001681,Archbishop Thomas Cranmer,routine,report,(routine),No,,No,No,Invoice_rtn-00410.xlsx,Account — the tiltyard schedule
CROWN00001682,Queen Catherine Parr,routine,report,(routine),No,,No,No,The ordnance survey  for approval.eml,The ordnance survey — for approval
CROWN00001683,King Henry VIII,routine,request,(routine),No,Confidential,No,No,The royal barge repairs quarterly.eml,The royal barge repairs (quarterly)
CROWN00001684,King Henry VIII,routine,approval,(routine),No,,No,No,Re The royal barge repairs quarterly.eml,Re: The royal barge repairs (quarterly)
CROWN00001685,Archbishop Thomas Cranmer,routine,request,(routine),No,,No,No,The progress to the palace of whitehall  for approval.eml,The progress to the palace of whitehall — for approval
CROWN00001686,Archbishop Thomas Cranmer,routine,request,(routine),No,,No,No,WorkOrder_rtn-00758.docx,Work Order — the progress to the Palace of Whitehall
CROWN00001687,King Henry VIII,noise,phishing,(noise),No,,No,No,URGENT Verify Thy Royal Account Within 24 Hours.eml,URGENT: Verify Thy Royal Account Within 24 Hours
CROWN00001688,King Henry VIII,routine,report,(routine),No,,No,No,Note the kitchen accounts for the quarter.eml,Note: the kitchen accounts for the quarter
CROWN00001689,King Henry VIII,routine,report,(routine),No,,No,No,Invoice_rtn-00815.xlsx,Account — the kitchen accounts for the quarter
CROWN00001690,King Henry VIII,routine,report,(routine),No,,No,No,Note the Garter ceremony arrangements.eml,Note: the Garter ceremony arrangements
CROWN00001691,King Henry VIII,routine,report,(routine),No,,No,No,Invoice_rtn-00678.xlsx,Account — the Garter ceremony arrangements
CROWN00001692,King Henry VIII,noise,spam_food,(noise),No,,No,No,Two Trenchers for One  This Sennight Only at Ye Olde Pizza H.eml,Two Trenchers for One — This Sennight Only at Ye Olde Pizza Hut
CROWN00001693,King Henry VIII,routine,concern,(routine),No,,No,No,The works at westminster.eml,The works at westminster
CROWN00001694,King Henry VIII,routine,concern,(routine),No,,No,No,WorkOrder_rtn-00474.docx,Work Order — the works at Westminster
CROWN00001695,King Henry VIII,noise,auto_reply,(noise),No,,No,No,Automatic reply The French Embassy.eml,Automatic reply: The French Embassy
CROWN00001696,Queen Catherine Parr,noise,newsletter,(noise),No,,No,No,Tudor Times Weekly  10 Oct 1543.eml,Tudor Times Weekly — 10 Oct 1543
CROWN00001697,Archbishop Thomas Cranmer,noise,auto_reply,(noise),No,,No,No,Automatic reply The New Coinage.eml,Automatic reply: The New Coinage
CROWN00001698,King Henry VIII,routine,report,(routine),No,,No,No,The royal stables accounts.eml,The royal stables accounts
CROWN00001699,King Henry VIII,routine,approval,(routine),No,,No,No,Re The royal stables accounts.eml,Re: The royal stables accounts
CROWN00001700,Archbishop Thomas Cranmer,noise,spam_scam,(noise),No,,No,No,CONGRATULATIONS  You Have Won the Royal Spanish Lottery 5000.eml,"CONGRATULATIONS — You Have Won the Royal Spanish Lottery (500,000 Ducats)"
CROWN00001701,Archbishop Thomas Cranmer,routine,request,(routine),No,Confidential,No,No,Note the embassy to France.eml,Note: the embassy to France
CROWN00001702,Queen Catherine Parr,routine,request,(routine),No,Confidential,No,Yes,Note the embassy to France.eml,Note: the embassy to France
CROWN00001703,Queen Catherine Parr,narrative,succession,Succession,No,,No,No,A word about the Queens regency during the campaign.eml,A word about the Queen's regency during the campaign
CROWN00001704,Queen Catherine Parr,routine,logistics,(routine),No,,No,No,Note the embassy to France.eml,Note: the embassy to France
CROWN00001705,Queen Catherine Parr,routine,logistics,(routine),No,,No,No,WorkOrder_rtn-00349.docx,Work Order — the embassy to France
CROWN00001706,Queen Catherine Parr,routine,report,(routine),No,Confidential,No,No,Note the falconry mews.eml,Note: the falconry mews
CROWN00001707,Queen Catherine Parr,routine,report,(routine),No,,No,No,WorkOrder_rtn-00468.docx,Work Order — the falconry mews
CROWN00001708,Archbishop Thomas Cranmer,routine,approval,(routine),No,,No,No,Re the works at the Tower of London.eml,Re: the works at the Tower of London
CROWN00001709,Queen Catherine Parr,routine,concern,(routine),No,,No,No,The tiltyard schedule quarterly.eml,The tiltyard schedule (quarterly)
CROWN00001710,King Henry VIII,routine,concern,(routine),No,,No,Yes,The tiltyard schedule quarterly.eml,The tiltyard schedule (quarterly)
CROWN00001711,Queen Catherine Parr,routine,approval,(routine),No,,No,No,Re Note the falconry mews.eml,Re: Note: the falconry mews
CROWN00001712,Archbishop Thomas Cranmer,noise,newsletter,(noise),No,,No,No,Tudor Times Weekly  10 Nov 1543.eml,Tudor Times Weekly — 10 Nov 1543
CROWN00001713,Archbishop Thomas Cranmer,noise,spam_scam,(noise),No,,No,No,CONGRATULATIONS  You Have Won the Royal Spanish Lottery 5000.eml,"CONGRATULATIONS — You Have Won the Royal Spanish Lottery (500,000 Ducats)"
CROWN00001714,Queen Catherine Parr,routine,approval,(routine),No,,No,No,Re The tiltyard schedule quarterly.eml,Re: The tiltyard schedule (quarterly)
CROWN00001715,King Henry VIII,routine,approval,(routine),No,,No,Yes,Re The tiltyard schedule quarterly.eml,Re: The tiltyard schedule (quarterly)
CROWN00001716,King Henry VIII,noise,it_notice,(noise),No,,No,No,Reminder Mandatory Doublet  Hose Compliance Training.eml,Reminder: Mandatory Doublet & Hose Compliance Training
CROWN00001717,King Henry VIII,noise,phishing,(noise),No,,No,No,URGENT Verify Thy Royal Account Within 24 Hours.eml,URGENT: Verify Thy Royal Account Within 24 Hours
CROWN00001718,Archbishop Thomas Cranmer,routine,logistics,(routine),No,,No,No,The subsidy assessment for sussex.eml,The subsidy assessment for sussex
CROWN00001719,Archbishop Thomas Cranmer,routine,logistics,(routine),No,,No,No,Invoice_rtn-00841.xlsx,Account — the subsidy assessment for Sussex
CROWN00001720,King Henry VIII,noise,newsletter,(noise),No,,No,No,Jousting Monthly Lists Lances  League Tables.eml,"Jousting Monthly: Lists, Lances & League Tables"
CROWN00001721,Queen Catherine Parr,noise,spam_vendor,(noise),No,,No,No,New Leeches In Stock  Free Delivery on Tonics.eml,New Leeches In Stock + Free Delivery on Tonics
CROWN00001722,King Henry VIII,noise,calendar,(noise),No,,No,No,Invitation Attendance Requested at Tower Green 9 oclock.eml,"Invitation: Attendance Requested at Tower Green, 9 o'clock"
CROWN00001723,Archbishop Thomas Cranmer,routine,logistics,(routine),No,Confidential,No,No,The wine shipment from gascony.eml,The wine shipment from gascony
CROWN00001724,Queen Catherine Parr,noise,spam_scam,(noise),No,,No,No,CONGRATULATIONS  You Have Won the Royal Spanish Lottery 5000.eml,"CONGRATULATIONS — You Have Won the Royal Spanish Lottery (500,000 Ducats)"
CROWN00001725,Archbishop Thomas Cranmer,noise,newsletter,(noise),No,,No,No,Jousting Monthly Lists Lances  League Tables.eml,"Jousting Monthly: Lists, Lances & League Tables"
CROWN00001726,Archbishop Thomas Cranmer,routine,request,(routine),No,,No,No,Re the royal barge repairs.eml,Re: the royal barge repairs
CROWN00001727,Archbishop Thomas Cranmer,loose,pdf,(loose),No,,No,No,Survey_cranmer089.pdf,Survey of Nonsuch Palace
CROWN00001728,King Henry VIII,noise,it_notice,(noise),No,,No,No,Scheduled Maintenance The Royal Scriptorium Sunday 2am-6am.eml,"Scheduled Maintenance: The Royal Scriptorium (Sunday, 2am-6am)"
CROWN00001729,Archbishop Thomas Cranmer,routine,approval,(routine),No,,No,No,Re the royal barge repairs.eml,Re: the royal barge repairs
CROWN00001730,Queen Catherine Parr,noise,it_notice,(noise),No,,No,No,Password Rotation Required Change Thy Cipher This Month.eml,Password Rotation Required: Change Thy Cipher This Month
CROWN00001731,King Henry VIII,noise,calendar,(noise),No,,No,No,Invitation Attendance Requested at Tower Green 9 oclock.eml,"Invitation: Attendance Requested at Tower Green, 9 o'clock"
CROWN00001732,Queen Catherine Parr,noise,calendar,(noise),No,,No,No,Invitation Grand Joust at the Shrovetide Lists.eml,Invitation: Grand Joust at the Shrovetide Lists
CROWN00001733,Queen Catherine Parr,noise,calendar,(noise),No,,No,No,invite.ics,Invitation — Grand Joust at the Shrovetide Lists
CROWN00001734,Queen Catherine Parr,routine,logistics,(routine),No,,No,No,The tiltyard schedule  for approval.eml,The tiltyard schedule — for approval
CROWN00001735,Queen Catherine Parr,noise,auto_reply,(noise),No,,No,No,Automatic reply The Subsidy Roll.eml,Automatic reply: The Subsidy Roll
CROWN00001736,Queen Catherine Parr,narrative,succession,Succession,No,,No,No,The childrens education  plan enclosed.eml,The children's education — plan enclosed
CROWN00001737,Queen Catherine Parr,narrative,succession,Succession,No,,No,No,Royal_Household_Education_Plan.xlsx,Plan for the Education of the King's Children
CROWN00001738,Archbishop Thomas Cranmer,noise,bounce,(noise),No,,No,No,Undeliverable The Christmas Revels.eml,Undeliverable: The Christmas Revels
CROWN00001739,King Henry VIII,noise,calendar,(noise),No,,No,No,Invitation Garter Ceremony.eml,Invitation: Garter Ceremony
CROWN00001740,Queen Catherine Parr,routine,report,(routine),No,,No,No,The wardrobe accounts.eml,The wardrobe accounts
CROWN00001741,Queen Catherine Parr,routine,approval,(routine),No,,No,No,Re The wardrobe accounts.eml,Re: The wardrobe accounts
CROWN00001742,Queen Catherine Parr,narrative,succession,Succession,No,,No,No,A word about the regency council.eml,A word about the regency council
CROWN00001743,Queen Catherine Parr,routine,report,(routine),No,,No,No,Re the victualling of the fleet.eml,Re: the victualling of the fleet
CROWN00001744,Queen Catherine Parr,routine,request,(routine),No,,No,No,The falconry mews quarterly.eml,The falconry mews (quarterly)
CROWN00001745,Queen Catherine Parr,noise,spam_scam,(noise),No,,No,No,CONGRATULATIONS  You Have Won the Royal Spanish Lottery 5000.eml,"CONGRATULATIONS — You Have Won the Royal Spanish Lottery (500,000 Ducats)"
CROWN00001746,Archbishop Thomas Cranmer,noise,spam_vendor,(noise),No,,No,No,New Leeches In Stock  Free Delivery on Tonics.eml,New Leeches In Stock + Free Delivery on Tonics
CROWN00001747,King Henry VIII,routine,logistics,(routine),No,,No,No,Note the tiltyard schedule.eml,Note: the tiltyard schedule
CROWN00001748,King Henry VIII,routine,request,(routine),No,,No,No,The wine shipment from gascony.eml,The wine shipment from gascony
CROWN00001749,Queen Catherine Parr,loose,txt,(loose),No,,No,No,Reading_List_catherine_parr106.txt,Reading List
CROWN00001750,Queen Catherine Parr,routine,report,(routine),No,,No,No,The purveyance of venison.eml,The purveyance of venison
CROWN00001751,Queen Catherine Parr,noise,spam_food,(noise),No,,No,No,Lenten Special  No Meat Much Cheese Still Glorious.eml,"Lenten Special — No Meat, Much Cheese, Still Glorious"
CROWN00001752,King Henry VIII,noise,phishing,(noise),No,,No,No,URGENT Verify Thy Royal Account Within 24 Hours.eml,URGENT: Verify Thy Royal Account Within 24 Hours
CROWN00001753,Queen Catherine Parr,loose,pdf,(loose),No,,No,No,Survey_catherine_parr136.pdf,Survey of the Palace of Whitehall
CROWN00001754,Archbishop Thomas Cranmer,routine,report,(routine),No,,No,No,The falconry mews.eml,The falconry mews
CROWN00001755,Archbishop Thomas Cranmer,routine,approval,(routine),No,,No,No,Re The falconry mews.eml,Re: The falconry mews
CROWN00001756,Queen Catherine Parr,loose,xlsx,(loose),No,Confidential,No,No,Treasury_Ledger_1544_Lady Day_catherine_parr031.xlsx,Treasury Ledger — Lady Day 1544
CROWN00001757,Archbishop Thomas Cranmer,narrative,succession,Succession,No,,No,No,Concerning the Princes household.eml,Concerning the Prince's household
CROWN00001758,Archbishop Thomas Cranmer,noise,spam_vendor,(noise),No,,No,No,Tapestries Half Price  This Quarter Only.eml,Tapestries Half Price — This Quarter Only
CROWN00001759,Queen Catherine Parr,noise,newsletter,(noise),No,,No,No,Tudor Times Weekly  26 May 1544.eml,Tudor Times Weekly — 26 May 1544
CROWN00001760,Queen Catherine Parr,noise,spam_food,(noise),No,,No,No,Two Trenchers for One  This Sennight Only at Ye Olde Pizza H.eml,Two Trenchers for One — This Sennight Only at Ye Olde Pizza Hut
CROWN00001761,Queen Catherine Parr,routine,request,(routine),No,,No,No,Re the New Years gift roll.eml,Re: the New Year's gift roll
CROWN00001762,King Henry VIII,routine,report,(routine),No,,No,No,Note the progress to Windsor Castle.eml,Note: the progress to Windsor Castle
CROWN00001763,King Henry VIII,routine,logistics,(routine),No,Confidential,No,No,The purveyance of venison quarterly.eml,The purveyance of venison (quarterly)
CROWN00001764,Archbishop Thomas Cranmer,routine,approval,(routine),No,,No,No,The falconry mews quarterly.eml,The falconry mews (quarterly)
CROWN00001765,Archbishop Thomas Cranmer,routine,approval,(routine),No,,No,No,WorkOrder_rtn-00439.docx,Work Order — the falconry mews
CROWN00001766,Archbishop Thomas Cranmer,routine,request,(routine),No,,No,No,Note the progress to Greenwich Palace.eml,Note: the progress to Greenwich Palace
CROWN00001767,Archbishop Thomas Cranmer,routine,report,(routine),No,Confidential,No,No,The tiltyard schedule  for approval.eml,The tiltyard schedule — for approval
CROWN00001768,King Henry VIII,noise,newsletter,(noise),No,,No,No,Jousting Monthly Lists Lances  League Tables.eml,"Jousting Monthly: Lists, Lances & League Tables"
CROWN00001769,Archbishop Thomas Cranmer,noise,spam_food,(noise),No,,No,No,Hungry After the Hunt We Deliver to Every Palace.eml,Hungry After the Hunt? We Deliver to Every Palace
CROWN00001770,Archbishop Thomas Cranmer,noise,spam_food,(noise),No,,No,No,Lenten Special  No Meat Much Cheese Still Glorious.eml,"Lenten Special — No Meat, Much Cheese, Still Glorious"
CROWN00001771,Queen Catherine Parr,noise,spam_food,(noise),No,,No,No,Two Trenchers for One  This Sennight Only at Ye Olde Pizza H.eml,Two Trenchers for One — This Sennight Only at Ye Olde Pizza Hut
CROWN00001772,King Henry VIII,routine,request,(routine),No,,No,No,Re the victualling of the fleet.eml,Re: the victualling of the fleet
CROWN00001773,King Henry VIII,routine,request,(routine),No,,No,No,Invoice_rtn-00782.xlsx,Account — the victualling of the fleet
CROWN00001774,Archbishop Thomas Cranmer,routine,request,(routine),No,,No,No,The falconry mews quarterly.eml,The falconry mews (quarterly)
CROWN00001775,King Henry VIII,noise,newsletter,(noise),No,,No,No,Tudor Times Weekly  04 Sep 1544.eml,Tudor Times Weekly — 04 Sep 1544
CROWN00001776,Archbishop Thomas Cranmer,routine,approval,(routine),No,,No,No,Re the wardrobe accounts.eml,Re: the wardrobe accounts
CROWN00001777,King Henry VIII,noise,newsletter,(noise),No,,No,No,Tudor Times Weekly  08 Sep 1544.eml,Tudor Times Weekly — 08 Sep 1544
CROWN00001778,Archbishop Thomas Cranmer,narrative,succession,Succession,No,Confidential,No,No,Query on the French war accounts.eml,Query on the French war accounts
CROWN00001779,Queen Catherine Parr,loose,docx,(loose),No,,No,No,Personal_Memorandum_catherine_parr091.docx,Personal Memorandum
CROWN00001780,King Henry VIII,narrative,succession,Succession,No,,No,No,the Princes household  for your consideration.eml,the Prince's household — for your consideration
CROWN00001781,Queen Catherine Parr,noise,auto_reply,(noise),No,,No,No,Automatic reply The Subsidy Roll.eml,Automatic reply: The Subsidy Roll
CROWN00001782,Queen Catherine Parr,narrative,succession,Succession,No,Confidential,No,No,Concerning the New Years gifts.eml,Concerning the New Year's gifts
CROWN00001783,King Henry VIII,loose,png,(loose),No,,No,No,Plan_henry077.png,Plan of Richmond Palace
CROWN00001784,Queen Catherine Parr,loose,docx,(loose),No,Internal - Privy Council,No,No,Council_Notes_15440928_catherine_parr132.docx,Privy Council Notes — 28 September 1544
CROWN00001785,King Henry VIII,loose,png,(loose),No,,No,No,Plan_henry077_rev2.png,Plan of Richmond Palace (rev. 2)
CROWN00001786,Archbishop Thomas Cranmer,noise,calendar,(noise),No,,No,No,Invitation Grand Joust at the Shrovetide Lists.eml,Invitation: Grand Joust at the Shrovetide Lists
CROWN00001787,King Henry VIII,noise,calendar,(noise),No,,No,No,Invitation Christmas Revels.eml,Invitation: Christmas Revels
CROWN00001788,Queen Catherine Parr,loose,xlsx,(loose),No,Confidential,No,No,Inventory_JewelHouse_catherine_parr084.xlsx,Inventory of the Jewel House
CROWN00001789,Queen Catherine Parr,loose,png,(loose),No,,No,No,Plan_catherine_parr108.png,Plan of Westminster
CROWN00001790,Queen Catherine Parr,loose,docx,(loose),No,Internal - Privy Council,No,No,Council_Notes_15441107_catherine_parr112.docx,Privy Council Notes — 07 November 1544
CROWN00001791,Queen Catherine Parr,loose,docx,(loose),No,Internal - Privy Council,No,No,Draft_Proclamation_catherine_parr141.docx,Draft Proclamation touching the muster of able men
CROWN00001792,King Henry VIII,noise,it_notice,(noise),No,,No,No,New Quill Procurement Policy  Effective Immediately.eml,New Quill Procurement Policy — Effective Immediately
CROWN00001793,Queen Catherine Parr,loose,pdf,(loose),No,,No,No,Survey_catherine_parr021.pdf,Survey of the Palace of Whitehall
CROWN00001794,King Henry VIII,routine,approval,(routine),No,,No,No,Note the Christmas revels.eml,Note: the Christmas revels
CROWN00001795,Queen Catherine Parr,loose,docx,(loose),No,,No,No,Draft_Proclamation_catherine_parr141_rev2.docx,Draft Proclamation touching the muster of able men (rev. 2)
CROWN00001796,Queen Catherine Parr,noise,calendar,(noise),No,,No,No,Invitation Privy Council  Weekly Sitting.eml,Invitation: Privy Council — Weekly Sitting
CROWN00001797,Queen Catherine Parr,loose,pdf,(loose),No,,No,No,Survey_catherine_parr105.pdf,Survey of Westminster
CROWN00001798,King Henry VIII,routine,logistics,(routine),No,,No,No,The tiltyard schedule quarterly.eml,The tiltyard schedule (quarterly)
CROWN00001799,King Henry VIII,routine,logistics,(routine),No,,No,No,Invoice_rtn-00533.xlsx,Account — the tiltyard schedule
CROWN00001800,Queen Catherine Parr,noise,spam_vendor,(noise),No,,No,No,New Leeches In Stock  Free Delivery on Tonics.eml,New Leeches In Stock + Free Delivery on Tonics
CROWN00001801,King Henry VIII,noise,spam_scam,(noise),No,,No,No,CONGRATULATIONS  You Have Won the Royal Spanish Lottery 5000.eml,"CONGRATULATIONS — You Have Won the Royal Spanish Lottery (500,000 Ducats)"
CROWN00001802,Queen Catherine Parr,routine,concern,(routine),No,,No,No,Note the masque costumes.eml,Note: the masque costumes
CROWN00001803,King Henry VIII,routine,request,(routine),No,,No,No,The tiltyard schedule  for approval.eml,The tiltyard schedule — for approval
CROWN00001804,Queen Catherine Parr,routine,approval,(routine),No,,No,No,Re Note the masque costumes.eml,Re: Note: the masque costumes
CROWN00001805,King Henry VIII,noise,phishing,(noise),No,,No,No,URGENT Verify Thy Royal Account Within 24 Hours.eml,URGENT: Verify Thy Royal Account Within 24 Hours
CROWN00001806,Archbishop Thomas Cranmer,routine,request,(routine),No,,No,No,Note the Garter ceremony arrangements.eml,Note: the Garter ceremony arrangements
CROWN00001807,Archbishop Thomas Cranmer,routine,request,(routine),No,,No,No,Invoice_rtn-00674.xlsx,Account — the Garter ceremony arrangements
CROWN00001808,Queen Catherine Parr,loose,docx,(loose),No,,No,No,Personal_Memorandum_catherine_parr061.docx,Personal Memorandum
CROWN00001809,King Henry VIII,routine,request,(routine),No,,No,No,The subsidy assessment for norfolk  for approval.eml,The subsidy assessment for norfolk — for approval
CROWN00001810,Queen Catherine Parr,noise,spam_food,(noise),No,,No,No,Hungry After the Hunt We Deliver to Every Palace.eml,Hungry After the Hunt? We Deliver to Every Palace
CROWN00001811,Queen Catherine Parr,routine,report,(routine),No,,No,No,The purveyance of venison.eml,The purveyance of venison
CROWN00001812,Queen Catherine Parr,loose,docx,(loose),No,Internal - Privy Council,No,No,Draft_Proclamation_catherine_parr042.docx,Draft Proclamation touching repairs to the royal barge
CROWN00001813,King Henry VIII,noise,bounce,(noise),No,,No,No,Undeliverable Repairs To The Royal Barge.eml,Undeliverable: Repairs To The Royal Barge
CROWN00001814,Archbishop Thomas Cranmer,narrative,succession,Succession,No,,No,No,the Kings physicians reports  for your consideration.eml,the King's physicians' reports — for your consideration
CROWN00001815,Archbishop Thomas Cranmer,noise,phishing,(noise),No,,No,No,URGENT Verify Thy Royal Account Within 24 Hours.eml,URGENT: Verify Thy Royal Account Within 24 Hours
CROWN00001816,Queen Catherine Parr,loose,png,(loose),No,,No,No,Portrait_catherine_parr017.png,Portrait of a Lady-in-Waiting
CROWN00001817,Archbishop Thomas Cranmer,noise,phishing,(noise),No,,No,No,URGENT Verify Thy Royal Account Within 24 Hours.eml,URGENT: Verify Thy Royal Account Within 24 Hours
CROWN00001818,Archbishop Thomas Cranmer,routine,request,(routine),No,,No,No,The royal stables accounts quarterly.eml,The royal stables accounts (quarterly)
CROWN00001819,Archbishop Thomas Cranmer,narrative,succession,Succession,No,,No,No,A word about the New Years gifts.eml,A word about the New Year's gifts
CROWN00001820,Archbishop Thomas Cranmer,narrative,succession,Succession,No,,No,No,Re A word about the New Years gifts.eml,Re: A word about the New Year's gifts
CROWN00001821,Archbishop Thomas Cranmer,routine,concern,(routine),No,,No,No,Re the royal barge repairs.eml,Re: the royal barge repairs
CROWN00001822,King Henry VIII,noise,phishing,(noise),No,,No,No,URGENT Verify Thy Royal Account Within 24 Hours.eml,URGENT: Verify Thy Royal Account Within 24 Hours
CROWN00001823,Archbishop Thomas Cranmer,narrative,succession,Succession,No,,No,No,the Princes household  for your consideration.eml,the Prince's household — for your consideration
CROWN00001824,King Henry VIII,routine,approval,(routine),No,Confidential,No,No,Note the works at Greenwich Palace.eml,Note: the works at Greenwich Palace
CROWN00001825,Queen Catherine Parr,routine,request,(routine),No,,No,No,Note the tiltyard schedule.eml,Note: the tiltyard schedule
CROWN00001826,King Henry VIII,routine,report,(routine),No,,No,No,The new years gift roll  for approval.eml,The new year's gift roll — for approval
CROWN00001827,Queen Catherine Parr,loose,docx,(loose),No,Internal - Privy Council,No,No,Draft_Proclamation_catherine_parr005.docx,Draft Proclamation touching the muster of able men
CROWN00001828,King Henry VIII,routine,approval,(routine),No,,No,No,Re The new years gift roll  for approval.eml,Re: The new year's gift roll — for approval
CROWN00001829,King Henry VIII,routine,logistics,(routine),No,Confidential,No,No,Re the masque costumes.eml,Re: the masque costumes
CROWN00001830,King Henry VIII,routine,logistics,(routine),No,,No,No,WorkOrder_rtn-00326.docx,Work Order — the masque costumes
CROWN00001831,Queen Catherine Parr,loose,txt,(loose),No,,No,No,Reading_List_catherine_parr043.txt,Reading List
CROWN00001832,Archbishop Thomas Cranmer,noise,spam_food,(noise),No,,No,No,Lenten Special  No Meat Much Cheese Still Glorious.eml,"Lenten Special — No Meat, Much Cheese, Still Glorious"
CROWN00001833,King Henry VIII,loose,png,(loose),No,,No,No,Portrait_henry144.png,Portrait of an Ambassador
CROWN00001834,King Henry VIII,routine,logistics,(routine),No,,No,No,Note the repair of the great clock.eml,Note: the repair of the great clock
CROWN00001835,Queen Catherine Parr,noise,newsletter,(noise),No,,No,No,Tudor Times Weekly  10 Apr 1545.eml,Tudor Times Weekly — 10 Apr 1545
CROWN00001836,Queen Catherine Parr,loose,docx,(loose),No,Internal - Privy Council,No,No,Council_Notes_15450414_catherine_parr124.docx,Privy Council Notes — 14 April 1545
CROWN00001837,Archbishop Thomas Cranmer,noise,it_notice,(noise),No,,No,No,Reminder Mandatory Doublet  Hose Compliance Training.eml,Reminder: Mandatory Doublet & Hose Compliance Training
CROWN00001838,Archbishop Thomas Cranmer,noise,spam_food,(noise),No,,No,No,Two Trenchers for One  This Sennight Only at Ye Olde Pizza H.eml,Two Trenchers for One — This Sennight Only at Ye Olde Pizza Hut
CROWN00001839,Queen Catherine Parr,routine,report,(routine),No,,No,No,Note the Christmas revels.eml,Note: the Christmas revels
CROWN00001840,Queen Catherine Parr,loose,txt,(loose),No,,No,No,Reading_List_catherine_parr013.txt,Reading List
CROWN00001841,Archbishop Thomas Cranmer,noise,calendar,(noise),No,,No,No,Invitation Garter Ceremony.eml,Invitation: Garter Ceremony
CROWN00001842,Archbishop Thomas Cranmer,noise,it_notice,(noise),No,,No,No,Scheduled Maintenance The Royal Scriptorium Sunday 2am-6am.eml,"Scheduled Maintenance: The Royal Scriptorium (Sunday, 2am-6am)"
CROWN00001843,Archbishop Thomas Cranmer,routine,report,(routine),No,Confidential,No,No,Re the tiltyard schedule.eml,Re: the tiltyard schedule
CROWN00001844,Queen Catherine Parr,noise,auto_reply,(noise),No,,No,No,Automatic reply The Muster Of Able Men.eml,Automatic reply: The Muster Of Able Men
CROWN00001845,Archbishop Thomas Cranmer,noise,spam_vendor,(noise),No,,No,No,New Leeches In Stock  Free Delivery on Tonics.eml,New Leeches In Stock + Free Delivery on Tonics
CROWN00001846,Archbishop Thomas Cranmer,noise,calendar,(noise),No,,No,No,Invitation Garter Ceremony.eml,Invitation: Garter Ceremony
CROWN00001847,Archbishop Thomas Cranmer,noise,newsletter,(noise),No,,No,No,Jousting Monthly Lists Lances  League Tables.eml,"Jousting Monthly: Lists, Lances & League Tables"
CROWN00001848,Queen Catherine Parr,noise,calendar,(noise),No,,No,No,Invitation Coronation Banquet.eml,Invitation: Coronation Banquet
CROWN00001849,Queen Catherine Parr,noise,calendar,(noise),No,,No,No,invite.ics,Invitation — Coronation Banquet
CROWN00001850,Archbishop Thomas Cranmer,narrative,succession,Succession,No,,No,No,the New Years gifts  action required.eml,the New Year's gifts — action required
CROWN00001851,Archbishop Thomas Cranmer,narrative,succession,Succession,No,,No,No,Notes_succession_nar-00256.docx,Notes on the New Year's gifts
CROWN00001852,King Henry VIII,narrative,succession,Succession,No,,No,No,Re the New Years gifts  action required.eml,Re: the New Year's gifts — action required
CROWN00001853,Archbishop Thomas Cranmer,noise,spam_scam,(noise),No,,No,No,CONGRATULATIONS  You Have Won the Royal Spanish Lottery 5000.eml,"CONGRATULATIONS — You Have Won the Royal Spanish Lottery (500,000 Ducats)"
CROWN00001854,Archbishop Thomas Cranmer,routine,logistics,(routine),No,Confidential,No,No,The embassy to france quarterly.eml,The embassy to france (quarterly)
CROWN00001855,Queen Catherine Parr,noise,newsletter,(noise),No,,No,No,Jousting Monthly Lists Lances  League Tables.eml,"Jousting Monthly: Lists, Lances & League Tables"
CROWN00001856,King Henry VIII,routine,report,(routine),No,,No,No,Note the masque costumes.eml,Note: the masque costumes
CROWN00001857,King Henry VIII,routine,approval,(routine),No,,No,No,Re Note the masque costumes.eml,Re: Note: the masque costumes
CROWN00001858,King Henry VIII,routine,concern,(routine),No,,No,No,Note the victualling of the fleet.eml,Note: the victualling of the fleet
CROWN00001859,King Henry VIII,routine,concern,(routine),No,,No,No,Invoice_rtn-00575.xlsx,Account — the victualling of the fleet
CROWN00001860,Queen Catherine Parr,noise,newsletter,(noise),No,,No,No,Tudor Times Weekly  19 Jun 1545.eml,Tudor Times Weekly — 19 Jun 1545
CROWN00001861,King Henry VIII,routine,logistics,(routine),No,Confidential,No,No,The christmas revels.eml,The christmas revels
CROWN00001862,Queen Catherine Parr,routine,request,(routine),No,,No,No,The masque costumes.eml,The masque costumes
CROWN00001863,Archbishop Thomas Cranmer,narrative,succession,Succession,No,,No,No,the Kings physicians reports an update.eml,the King's physicians' reports: an update
CROWN00001864,Archbishop Thomas Cranmer,narrative,succession,Succession,No,,No,No,Re the Kings physicians reports an update.eml,Re: the King's physicians' reports: an update
CROWN00001865,Archbishop Thomas Cranmer,noise,auto_reply,(noise),No,,No,No,Automatic reply The Wool Staple At Calais.eml,Automatic reply: The Wool Staple At Calais
CROWN00001866,Queen Catherine Parr,noise,auto_reply,(noise),No,,No,No,Automatic reply The Scottish Border.eml,Automatic reply: The Scottish Border
CROWN00001867,Archbishop Thomas Cranmer,noise,bounce,(noise),No,,No,No,Undeliverable The Wool Staple At Calais.eml,Undeliverable: The Wool Staple At Calais
CROWN00001868,Queen Catherine Parr,noise,phishing,(noise),No,,No,No,URGENT Verify Thy Royal Account Within 24 Hours.eml,URGENT: Verify Thy Royal Account Within 24 Hours
CROWN00001869,Archbishop Thomas Cranmer,noise,auto_reply,(noise),No,,No,No,Automatic reply The Tiltyard Schedule.eml,Automatic reply: The Tiltyard Schedule
CROWN00001870,Queen Catherine Parr,routine,concern,(routine),No,,No,No,The royal stables accounts quarterly.eml,The royal stables accounts (quarterly)
CROWN00001871,Queen Catherine Parr,routine,concern,(routine),No,,No,No,Invoice_rtn-00322.xlsx,Account — the royal stables accounts
CROWN00001872,King Henry VIII,routine,logistics,(routine),No,,No,No,The purveyance of venison.eml,The purveyance of venison
CROWN00001873,King Henry VIII,routine,approval,(routine),No,,No,No,Re The purveyance of venison.eml,Re: The purveyance of venison
CROWN00001874,King Henry VIII,noise,newsletter,(noise),No,,No,No,Tudor Times Weekly  12 Sep 1545.eml,Tudor Times Weekly — 12 Sep 1545
CROWN00001875,Queen Catherine Parr,noise,phishing,(noise),No,,No,No,URGENT Verify Thy Royal Account Within 24 Hours.eml,URGENT: Verify Thy Royal Account Within 24 Hours
CROWN00001876,Queen Catherine Parr,narrative,succession,Succession,No,Confidential,No,No,the regency council further to our last.eml,the regency council (further to our last)
CROWN00001877,Queen Catherine Parr,narrative,succession,Succession,No,,No,No,Re the regency council further to our last.eml,Re: the regency council (further to our last)
CROWN00001878,King Henry VIII,loose,xlsx,(loose),No,Confidential,No,No,Inventory_JewelHouse_henry048.xlsx,Inventory of the Jewel House
CROWN00001879,Queen Catherine Parr,loose,pdf,(loose),No,,No,No,Survey_catherine_parr131.pdf,Survey of Westminster
CROWN00001880,Archbishop Thomas Cranmer,narrative,succession,Succession,No,Internal - Privy Council,No,No,Query on the Kings physicians reports.eml,Query on the King's physicians' reports
CROWN00001881,Queen Catherine Parr,loose,txt,(loose),No,,No,No,Hunting_Log_catherine_parr046.txt,Hunting Log
CROWN00001882,King Henry VIII,loose,docx,(loose),No,Internal - Privy Council,No,No,Council_Notes_15451009_henry058.docx,Privy Council Notes — 09 October 1545
CROWN00001883,Queen Catherine Parr,noise,newsletter,(noise),No,,No,No,Jousting Monthly Lists Lances  League Tables.eml,"Jousting Monthly: Lists, Lances & League Tables"
CROWN00001884,King Henry VIII,narrative,succession,Succession,No,,No,No,Concerning the regency council.eml,Concerning the regency council
CROWN00001885,King Henry VIII,noise,phishing,(noise),No,,No,No,URGENT Verify Thy Royal Account Within 24 Hours.eml,URGENT: Verify Thy Royal Account Within 24 Hours
CROWN00001886,Queen Catherine Parr,noise,calendar,(noise),No,,No,No,Invitation Christmas Revels.eml,Invitation: Christmas Revels
CROWN00001887,Queen Catherine Parr,routine,concern,(routine),No,,No,No,Note the subsidy assessment for Surrey.eml,Note: the subsidy assessment for Surrey
CROWN00001888,Queen Catherine Parr,routine,report,(routine),No,,No,No,The new years gift roll.eml,The new year's gift roll
CROWN00001889,Queen Catherine Parr,noise,spam_scam,(noise),No,,No,No,CONGRATULATIONS  You Have Won the Royal Spanish Lottery 5000.eml,"CONGRATULATIONS — You Have Won the Royal Spanish Lottery (500,000 Ducats)"
CROWN00001890,Queen Catherine Parr,routine,approval,(routine),No,,No,No,Re The new years gift roll.eml,Re: The new year's gift roll
CROWN00001891,Queen Catherine Parr,noise,bounce,(noise),No,,No,No,Undeliverable Repairs To The Royal Barge.eml,Undeliverable: Repairs To The Royal Barge
CROWN00001892,Queen Catherine Parr,noise,it_notice,(noise),No,,No,No,Scheduled Maintenance The Royal Scriptorium Sunday 2am-6am.eml,"Scheduled Maintenance: The Royal Scriptorium (Sunday, 2am-6am)"
CROWN00001893,Queen Catherine Parr,routine,approval,(routine),No,,No,No,The falconry mews  for approval.eml,The falconry mews — for approval
CROWN00001894,Archbishop Thomas Cranmer,noise,phishing,(noise),No,,No,No,URGENT Verify Thy Royal Account Within 24 Hours.eml,URGENT: Verify Thy Royal Account Within 24 Hours
CROWN00001895,Queen Catherine Parr,loose,docx,(loose),No,Internal - Privy Council,No,No,Council_Notes_15460107_catherine_parr056.docx,Privy Council Notes — 07 January 1546
CROWN00001896,King Henry VIII,noise,spam_food,(noise),No,,No,No,Two Trenchers for One  This Sennight Only at Ye Olde Pizza H.eml,Two Trenchers for One — This Sennight Only at Ye Olde Pizza Hut
CROWN00001897,Queen Catherine Parr,loose,png,(loose),No,,No,No,Plan_catherine_parr079.png,Plan of the Tower of London
CROWN00001898,Queen Catherine Parr,routine,request,(routine),No,,No,No,The kitchen accounts for the quarter  for approval.eml,The kitchen accounts for the quarter — for approval
CROWN00001899,King Henry VIII,routine,logistics,(routine),No,Confidential,No,No,The wine shipment from gascony  for approval.eml,The wine shipment from gascony — for approval
CROWN00001900,King Henry VIII,noise,bounce,(noise),No,,No,No,Undeliverable The Progress Itinerary.eml,Undeliverable: The Progress Itinerary
CROWN00001901,Queen Catherine Parr,routine,approval,(routine),No,,No,No,Note the masque costumes.eml,Note: the masque costumes
CROWN00001902,King Henry VIII,noise,phishing,(noise),No,,No,No,URGENT Verify Thy Royal Account Within 24 Hours.eml,URGENT: Verify Thy Royal Account Within 24 Hours
CROWN00001903,King Henry VIII,routine,logistics,(routine),No,,No,No,The christmas revels.eml,The christmas revels
CROWN00001904,King Henry VIII,routine,logistics,(routine),No,,No,No,The royal stables accounts.eml,The royal stables accounts
CROWN00001905,King Henry VIII,routine,approval,(routine),No,,No,No,Re The royal stables accounts.eml,Re: The royal stables accounts
CROWN00001906,Archbishop Thomas Cranmer,noise,spam_scam,(noise),No,,No,No,CONGRATULATIONS  You Have Won the Royal Spanish Lottery 5000.eml,"CONGRATULATIONS — You Have Won the Royal Spanish Lottery (500,000 Ducats)"
CROWN00001907,King Henry VIII,noise,newsletter,(noise),No,,No,No,Tudor Times Weekly  09 Feb 1546.eml,Tudor Times Weekly — 09 Feb 1546
CROWN00001908,Archbishop Thomas Cranmer,narrative,succession,Succession,No,,No,No,the regency council  for your consideration.eml,the regency council — for your consideration
CROWN00001909,Archbishop Thomas Cranmer,noise,it_notice,(noise),No,,No,No,Scheduled Maintenance The Royal Scriptorium Sunday 2am-6am.eml,"Scheduled Maintenance: The Royal Scriptorium (Sunday, 2am-6am)"
CROWN00001910,King Henry VIII,noise,spam_food,(noise),No,,No,No,Hungry After the Hunt We Deliver to Every Palace.eml,Hungry After the Hunt? We Deliver to Every Palace
CROWN00001911,Archbishop Thomas Cranmer,routine,logistics,(routine),No,,No,No,Note the muster of able men in Sussex.eml,Note: the muster of able men in Sussex
CROWN00001912,Archbishop Thomas Cranmer,narrative,succession,Succession,No,,No,No,Concerning the Kings physicians reports.eml,Concerning the King's physicians' reports
CROWN00001913,King Henry VIII,routine,approval,(routine),No,,No,No,Note the wardrobe accounts.eml,Note: the wardrobe accounts
CROWN00001914,King Henry VIII,noise,newsletter,(noise),No,,No,No,Tudor Times Weekly  13 Mar 1546.eml,Tudor Times Weekly — 13 Mar 1546
CROWN00001915,King Henry VIII,routine,approval,(routine),No,,No,No,Re Note the wardrobe accounts.eml,Re: Note: the wardrobe accounts
CROWN00001916,Archbishop Thomas Cranmer,noise,phishing,(noise),No,,No,No,URGENT Verify Thy Royal Account Within 24 Hours.eml,URGENT: Verify Thy Royal Account Within 24 Hours
CROWN00001917,Archbishop Thomas Cranmer,routine,concern,(routine),No,Confidential,No,No,The muster of able men in hampshire quarterly.eml,The muster of able men in hampshire (quarterly)
CROWN00001918,Queen Catherine Parr,routine,approval,(routine),No,Confidential,No,No,The royal stables accounts  for approval.eml,The royal stables accounts — for approval
CROWN00001919,King Henry VIII,noise,auto_reply,(noise),No,,No,No,Automatic reply Repairs To The Royal Barge.eml,Automatic reply: Repairs To The Royal Barge
CROWN00001920,King Henry VIII,noise,newsletter,(noise),No,,No,No,Tudor Times Weekly  30 Mar 1546.eml,Tudor Times Weekly — 30 Mar 1546
CROWN00001921,King Henry VIII,noise,newsletter,(noise),No,,No,No,Tudor_Times_Weekly.pdf,Tudor Times Weekly — Full Issue
CROWN00001922,King Henry VIII,noise,phishing,(noise),No,,No,No,URGENT Verify Thy Royal Account Within 24 Hours.eml,URGENT: Verify Thy Royal Account Within 24 Hours
CROWN00001923,Archbishop Thomas Cranmer,routine,concern,(routine),No,,No,No,The repair of the great clock quarterly.eml,The repair of the great clock (quarterly)
CROWN00001924,King Henry VIII,noise,spam_food,(noise),No,,No,No,NEW The Hampton Court Meat Feast Feeds a Whole Privy Council.eml,NEW: The Hampton Court Meat Feast (Feeds a Whole Privy Council)
CROWN00001925,Queen Catherine Parr,loose,txt,(loose),No,,No,No,Reading_List_catherine_parr065.txt,Reading List
CROWN00001926,Queen Catherine Parr,narrative,succession,Succession,No,,No,No,A word about the Princes household.eml,A word about the Prince's household
CROWN00001927,Archbishop Thomas Cranmer,noise,newsletter,(noise),No,,No,No,Tudor Times Weekly  19 May 1546.eml,Tudor Times Weekly — 19 May 1546
CROWN00001928,Archbishop Thomas Cranmer,noise,spam_food,(noise),No,,No,No,Two Trenchers for One  This Sennight Only at Ye Olde Pizza H.eml,Two Trenchers for One — This Sennight Only at Ye Olde Pizza Hut
CROWN00001929,King Henry VIII,narrative,succession,Succession,No,Internal - Privy Council,No,No,the French war accounts  for your consideration.eml,the French war accounts — for your consideration
CROWN00001930,King Henry VIII,narrative,succession,Succession,No,,No,No,Re the French war accounts  for your consideration.eml,Re: the French war accounts — for your consideration
CROWN00001931,Archbishop Thomas Cranmer,routine,request,(routine),No,Confidential,No,No,The kitchen accounts for the quarter quarterly.eml,The kitchen accounts for the quarter (quarterly)
CROWN00001932,Archbishop Thomas Cranmer,routine,request,(routine),No,,No,No,WorkOrder_rtn-00304.docx,Work Order — the kitchen accounts for the quarter
CROWN00001933,Queen Catherine Parr,routine,concern,(routine),No,Confidential,No,No,Re the muster of able men in Sussex.eml,Re: the muster of able men in Sussex
CROWN00001934,King Henry VIII,routine,concern,(routine),No,Confidential,No,No,Re the Christmas revels.eml,Re: the Christmas revels
CROWN00001935,King Henry VIII,routine,approval,(routine),No,,No,No,Re the Christmas revels.eml,Re: the Christmas revels
CROWN00001936,Archbishop Thomas Cranmer,noise,spam_scam,(noise),No,,No,No,CONGRATULATIONS  You Have Won the Royal Spanish Lottery 5000.eml,"CONGRATULATIONS — You Have Won the Royal Spanish Lottery (500,000 Ducats)"
CROWN00001937,King Henry VIII,routine,logistics,(routine),No,,No,No,The christmas revels  for approval.eml,The christmas revels — for approval
CROWN00001938,Archbishop Thomas Cranmer,routine,report,(routine),No,Confidential,No,No,Re the wine shipment from Gascony.eml,Re: the wine shipment from Gascony
CROWN00001939,Archbishop Thomas Cranmer,routine,report,(routine),No,,No,No,Invoice_rtn-00707.xlsx,Account — the wine shipment from Gascony
CROWN00001940,Archbishop Thomas Cranmer,routine,approval,(routine),No,,No,No,Re the wine shipment from Gascony.eml,Re: the wine shipment from Gascony
CROWN00001941,King Henry VIII,loose,docx,(loose),No,Internal - Privy Council,No,No,Council_Notes_15460708_henry007.docx,Privy Council Notes — 08 July 1546
CROWN00001942,King Henry VIII,noise,phishing,(noise),No,,No,No,URGENT Verify Thy Royal Account Within 24 Hours.eml,URGENT: Verify Thy Royal Account Within 24 Hours
CROWN00001943,Queen Catherine Parr,narrative,succession,Succession,No,,No,No,A word about the Kings physicians reports.eml,A word about the King's physicians' reports
CROWN00001944,King Henry VIII,loose,docx,(loose),No,Internal - Privy Council,No,No,Council_Notes_15460708_henry007_rev2.docx,Privy Council Notes — 08 July 1546 (rev. 2)
CROWN00001945,King Henry VIII,narrative,succession,Succession,No,Confidential,No,No,Concerning certain books in the Queens chamber.eml,Concerning certain books in the Queen's chamber
CROWN00001946,Queen Catherine Parr,narrative,succession,Succession,No,,No,No,A wifes poor opinions.eml,A wife's poor opinions
CROWN00001947,King Henry VIII,narrative,succession,Succession,No,,No,No,Re Concerning certain books in the Queens chamber.eml,Re: Concerning certain books in the Queen's chamber
CROWN00001948,Archbishop Thomas Cranmer,noise,phishing,(noise),No,,No,No,URGENT Verify Thy Royal Account Within 24 Hours.eml,URGENT: Verify Thy Royal Account Within 24 Hours
CROWN00001949,King Henry VIII,narrative,succession,Succession,No,Confidential,No,No,the childrens tutors an update.eml,the children's tutors: an update
CROWN00001950,King Henry VIII,narrative,succession,Succession,No,,No,No,Notes_succession_nar-00267.docx,Notes on the children's tutors
CROWN00001951,Archbishop Thomas Cranmer,routine,logistics,(routine),No,,No,No,Re the repair of the great clock.eml,Re: the repair of the great clock
CROWN00001952,Archbishop Thomas Cranmer,routine,approval,(routine),No,,No,No,Re the repair of the great clock.eml,Re: the repair of the great clock
CROWN00001953,Archbishop Thomas Cranmer,noise,calendar,(noise),No,,No,No,Invitation Garter Ceremony.eml,Invitation: Garter Ceremony
CROWN00001954,Archbishop Thomas Cranmer,loose,xlsx,(loose),No,,No,No,Treasury_Ledger_1546_Michaelmas_cranmer076.xlsx,Treasury Ledger — Michaelmas 1546
CROWN00001955,Archbishop Thomas Cranmer,routine,report,(routine),No,,No,No,The ordnance survey quarterly.eml,The ordnance survey (quarterly)
CROWN00001956,Archbishop Thomas Cranmer,narrative,succession,Succession,No,,No,No,the French war accounts further to our last.eml,the French war accounts (further to our last)
CROWN00001957,King Henry VIII,noise,newsletter,(noise),No,,No,No,Tudor Times Weekly  11 Aug 1546.eml,Tudor Times Weekly — 11 Aug 1546
CROWN00001958,Queen Catherine Parr,routine,report,(routine),No,,No,No,The works at westminster  for approval.eml,The works at westminster — for approval
CROWN00001959,Archbishop Thomas Cranmer,noise,phishing,(noise),No,,No,No,URGENT Verify Thy Royal Account Within 24 Hours.eml,URGENT: Verify Thy Royal Account Within 24 Hours
CROWN00001960,King Henry VIII,routine,request,(routine),No,,No,No,The embassy to france.eml,The embassy to france
CROWN00001961,King Henry VIII,routine,request,(routine),No,,No,No,WorkOrder_rtn-00658.docx,Work Order — the embassy to France
CROWN00001962,Archbishop Thomas Cranmer,noise,newsletter,(noise),No,,No,No,Tudor Times Weekly  02 Sep 1546.eml,Tudor Times Weekly — 02 Sep 1546
CROWN00001963,Archbishop Thomas Cranmer,routine,report,(routine),No,,No,No,The royal barge repairs quarterly.eml,The royal barge repairs (quarterly)
CROWN00001964,Queen Catherine Parr,loose,png,(loose),No,,No,No,Plan_catherine_parr026.png,Plan of Hever Castle
CROWN00001965,Archbishop Thomas Cranmer,routine,concern,(routine),No,,No,No,The garter ceremony arrangements.eml,The garter ceremony arrangements
CROWN00001966,Queen Catherine Parr,noise,it_notice,(noise),No,,No,No,New Quill Procurement Policy  Effective Immediately.eml,New Quill Procurement Policy — Effective Immediately
CROWN00001967,Queen Catherine Parr,noise,it_notice,(noise),No,,No,No,Quill_Procurement_Policy_Q-1536.docx,Quill Procurement Policy (Form Q-1536)
CROWN00001968,Queen Catherine Parr,loose,png,(loose),No,,No,No,Seal_catherine_parr028.png,Impression of a Signet Impression
CROWN00001969,Queen Catherine Parr,routine,logistics,(routine),No,,No,No,The royal stables accounts.eml,The royal stables accounts
CROWN00001970,Queen Catherine Parr,routine,approval,(routine),No,,No,No,Re The royal stables accounts.eml,Re: The royal stables accounts
CROWN00001971,Archbishop Thomas Cranmer,noise,it_notice,(noise),No,,No,No,New Quill Procurement Policy  Effective Immediately.eml,New Quill Procurement Policy — Effective Immediately
CROWN00001972,Archbishop Thomas Cranmer,noise,it_notice,(noise),No,,No,No,Quill_Procurement_Policy_Q-1536.docx,Quill Procurement Policy (Form Q-1536)
CROWN00001973,Queen Catherine Parr,loose,docx,(loose),No,Internal - Privy Council,No,No,Council_Notes_15461011_catherine_parr006.docx,Privy Council Notes — 11 October 1546
CROWN00001974,Archbishop Thomas Cranmer,narrative,succession,Succession,No,,No,No,A word about the Princes household.eml,A word about the Prince's household
CROWN00001975,Queen Catherine Parr,loose,docx,(loose),No,,No,No,Draft_Proclamation_catherine_parr039.docx,Draft Proclamation touching the wool staple at Calais
CROWN00001976,King Henry VIII,noise,auto_reply,(noise),No,,No,No,Automatic reply The Progress Itinerary.eml,Automatic reply: The Progress Itinerary
CROWN00001977,Queen Catherine Parr,narrative,succession,Succession,No,,No,No,Query on the New Years gifts.eml,Query on the New Year's gifts
CROWN00001978,Archbishop Thomas Cranmer,noise,newsletter,(noise),No,,No,No,Tudor Times Weekly  06 Nov 1546.eml,Tudor Times Weekly — 06 Nov 1546
CROWN00001979,Archbishop Thomas Cranmer,noise,it_notice,(noise),No,,No,No,Reminder Mandatory Doublet  Hose Compliance Training.eml,Reminder: Mandatory Doublet & Hose Compliance Training
CROWN00001980,Queen Catherine Parr,routine,report,(routine),No,,No,No,Note the victualling of the fleet.eml,Note: the victualling of the fleet
CROWN00001981,Queen Catherine Parr,routine,report,(routine),No,,No,No,WorkOrder_rtn-00429.docx,Work Order — the victualling of the fleet
CROWN00001982,Archbishop Thomas Cranmer,noise,auto_reply,(noise),No,,No,No,Automatic reply The Progress Itinerary.eml,Automatic reply: The Progress Itinerary
CROWN00001983,Queen Catherine Parr,noise,bounce,(noise),No,,No,No,Undeliverable The Subsidy Roll.eml,Undeliverable: The Subsidy Roll
CROWN00001984,King Henry VIII,narrative,succession,Succession,No,,No,No,the Kings physicians reports  action required.eml,the King's physicians' reports — action required
CROWN00001985,Queen Catherine Parr,loose,docx,(loose),No,,No,No,Draft_Proclamation_catherine_parr052.docx,Draft Proclamation touching the wool staple at Calais
CROWN00001986,King Henry VIII,noise,it_notice,(noise),No,,No,No,Reminder Mandatory Doublet  Hose Compliance Training.eml,Reminder: Mandatory Doublet & Hose Compliance Training
CROWN00001987,Queen Catherine Parr,loose,docx,(loose),No,Internal - Privy Council,No,No,Draft_Proclamation_catherine_parr052_rev2.docx,Draft Proclamation touching the wool staple at Calais (rev. 2)
CROWN00001988,Archbishop Thomas Cranmer,narrative,succession,Succession,Yes,Privileged - Attorney-Client,Yes,No,The succession  privileged memorandum enclosed.eml,The succession — privileged memorandum enclosed
CROWN00001989,Archbishop Thomas Cranmer,narrative,succession,Succession,Yes,Privileged - Attorney-Client,Yes,No,Memorandum_on_the_Succession.pdf,Memorandum on the Order of Succession
CROWN00001990,Queen Catherine Parr,loose,docx,(loose),No,Internal - Privy Council,No,No,Draft_Proclamation_catherine_parr098.docx,Draft Proclamation touching the harvest levy
CROWN00001991,King Henry VIII,noise,calendar,(noise),No,,No,No,Invitation Christmas Revels.eml,Invitation: Christmas Revels
CROWN00001992,King Henry VIII,noise,calendar,(noise),No,,No,No,invite.ics,Invitation — Christmas Revels
CROWN00001993,Queen Catherine Parr,noise,spam_scam,(noise),No,,No,No,CONGRATULATIONS  You Have Won the Royal Spanish Lottery 5000.eml,"CONGRATULATIONS — You Have Won the Royal Spanish Lottery (500,000 Ducats)"
CROWN00001994,Archbishop Thomas Cranmer,noise,phishing,(noise),No,,No,No,URGENT Verify Thy Royal Account Within 24 Hours.eml,URGENT: Verify Thy Royal Account Within 24 Hours
CROWN00001995,King Henry VIII,narrative,succession,Succession,No,,No,No,the New Years gifts an update.eml,the New Year's gifts: an update
CROWN00001996,Queen Catherine Parr,narrative,succession,Succession,No,,No,No,the Princes household further to our last.eml,the Prince's household (further to our last)
CROWN00001997,King Henry VIII,routine,approval,(routine),No,,No,No,Note the muster of able men in Norfolk.eml,Note: the muster of able men in Norfolk
CROWN00001998,King Henry VIII,noise,spam_food,(noise),No,,No,No,Two Trenchers for One  This Sennight Only at Ye Olde Pizza H.eml,Two Trenchers for One — This Sennight Only at Ye Olde Pizza Hut
CROWN00001999,King Henry VIII,noise,spam_scam,(noise),No,,No,No,CONGRATULATIONS  You Have Won the Royal Spanish Lottery 5000.eml,"CONGRATULATIONS — You Have Won the Royal Spanish Lottery (500,000 Ducats)"
CROWN00002000,King Henry VIII,routine,logistics,(routine),No,,No,No,Re the works at Hever Castle.eml,Re: the works at Hever Castle
CROWN00002001,Archbishop Thomas Cranmer,routine,approval,(routine),No,,No,No,The garter ceremony arrangements  for approval.eml,The garter ceremony arrangements — for approval
CROWN00002002,Queen Catherine Parr,narrative,succession,Succession,No,,No,No,The King.eml,The King
CROWN00002003,Archbishop Thomas Cranmer,noise,auto_reply,(noise),No,,No,No,Automatic reply The Muster Of Able Men.eml,Automatic reply: The Muster Of Able Men
CROWN00002004,Queen Catherine Parr,routine,approval,(routine),No,,No,No,The progress to greenwich palace quarterly.eml,The progress to greenwich palace (quarterly)
CROWN00002005,Queen Catherine Parr,routine,approval,(routine),No,Confidential,No,No,The victualling of the fleet  for approval.eml,The victualling of the fleet — for approval
CROWN00002006,Queen Catherine Parr,loose,txt,(loose),No,,No,No,Hunting_Log_catherine_parr062.txt,Hunting Log
CROWN00002007,King Henry VIII,routine,approval,(routine),No,,No,No,Re The progress to greenwich palace quarterly.eml,Re: The progress to greenwich palace (quarterly)
CROWN00002008,Queen Catherine Parr,noise,it_notice,(noise),No,,No,No,Mailbox Quota Warning Thy Coffer is 90 Full.eml,Mailbox Quota Warning: Thy Coffer is 90% Full
CROWN00002009,King Henry VIII,routine,request,(routine),No,,No,No,Note the New Years gift roll.eml,Note: the New Year's gift roll
